match_id,season,date,venue,team1,team2,winner,margin_type,margin_val,toss_winner,toss_decision,potm
1082591,2017,2017-04-05,"Rajiv Gandhi International Stadium, Uppal",Sunrisers Hyderabad,Royal Challengers Bangalore,Sunrisers Hyderabad,runs,35.0,Royal Challengers Bangalore,field,Yuvraj Singh
1082592,2017,2017-04-06,Maharashtra Cricket Association Stadium,Rising Pune Supergiant,Mumbai Indians,Rising Pune Supergiant,wickets,7.0,Rising Pune Supergiant,field,SPD Smith
1082593,2017,2017-04-07,Saurashtra Cricket Association Stadium,Gujarat Lions,Kolkata Knight Riders,Kolkata Knight Riders,wickets,10.0,Kolkata Knight Riders,field,CA Lynn
1082594,2017,2017-04-08,Holkar Cricket Stadium,Kings XI Punjab,Rising Pune Supergiant,Kings XI Punjab,wickets,6.0,Kings XI Punjab,field,GJ Maxwell
1082595,2017,2017-04-08,M.Chinnaswamy Stadium,Royal Challengers Bangalore,Delhi Daredevils,Royal Challengers Bangalore,runs,15.0,Royal Challengers Bangalore,bat,KM Jadhav
1082596,2017,2017-04-09,"Rajiv Gandhi International Stadium, Uppal",Sunrisers Hyderabad,Gujarat Lions,Sunrisers Hyderabad,wickets,9.0,Sunrisers Hyderabad,field,Rashid Khan
1082597,2017,2017-04-09,Wankhede Stadium,Mumbai Indians,Kolkata Knight Riders,Mumbai Indians,wickets,4.0,Mumbai Indians,field,N Rana
1082598,2017,2017-04-10,Holkar Cricket Stadium,Kings XI Punjab,Royal Challengers Bangalore,Kings XI Punjab,wickets,8.0,Royal Challengers Bangalore,bat,AR Patel
1082599,2017,2017-04-11,Maharashtra Cricket Association Stadium,Rising Pune Supergiant,Delhi Daredevils,Delhi Daredevils,runs,97.0,Rising Pune Supergiant,field,SV Samson
1082600,2017,2017-04-12,Wankhede Stadium,Mumbai Indians,Sunrisers Hyderabad,Mumbai Indians,wickets,4.0,Mumbai Indians,field,JJ Bumrah
1082601,2017,2017-04-13,Eden Gardens,Kolkata Knight Riders,Kings XI Punjab,Kolkata Knight Riders,wickets,8.0,Kolkata Knight Riders,field,SP Narine
1082602,2017,2017-04-14,M Chinnaswamy Stadium,Royal Challengers Bangalore,Mumbai Indians,Mumbai Indians,wickets,4.0,Mumbai Indians,field,KA Pollard
1082603,2017,2017-04-14,Saurashtra Cricket Association Stadium,Gujarat Lions,Rising Pune Supergiant,Gujarat Lions,wickets,7.0,Gujarat Lions,field,AJ Tye
1082604,2017,2017-04-15,Eden Gardens,Kolkata Knight Riders,Sunrisers Hyderabad,Kolkata Knight Riders,runs,17.0,Sunrisers Hyderabad,field,RV Uthappa
1082605,2017,2017-04-15,Feroz Shah Kotla,Delhi Daredevils,Kings XI Punjab,Delhi Daredevils,runs,51.0,Delhi Daredevils,bat,CJ Anderson
1082606,2017,2017-04-16,Wankhede Stadium,Mumbai Indians,Gujarat Lions,Mumbai Indians,wickets,6.0,Mumbai Indians,field,N Rana
1082607,2017,2017-04-16,M Chinnaswamy Stadium,Royal Challengers Bangalore,Rising Pune Supergiant,Rising Pune Supergiant,runs,27.0,Royal Challengers Bangalore,field,BA Stokes
1082608,2017,2017-04-17,Feroz Shah Kotla,Delhi Daredevils,Kolkata Knight Riders,Kolkata Knight Riders,wickets,4.0,Delhi Daredevils,bat,NM Coulter-Nile
1082609,2017,2017-04-17,"Rajiv Gandhi International Stadium, Uppal",Sunrisers Hyderabad,Kings XI Punjab,Sunrisers Hyderabad,runs,5.0,Kings XI Punjab,field,B Kumar
1082610,2017,2017-04-18,Saurashtra Cricket Association Stadium,Gujarat Lions,Royal Challengers Bangalore,Royal Challengers Bangalore,runs,21.0,Gujarat Lions,field,CH Gayle
1082611,2017,2017-04-19,"Rajiv Gandhi International Stadium, Uppal",Sunrisers Hyderabad,Delhi Daredevils,Sunrisers Hyderabad,runs,15.0,Sunrisers Hyderabad,bat,KS Williamson
1082612,2017,2017-04-20,Holkar Cricket Stadium,Kings XI Punjab,Mumbai Indians,Mumbai Indians,wickets,8.0,Mumbai Indians,field,JC Buttler
1082613,2017,2017-04-21,Eden Gardens,Kolkata Knight Riders,Gujarat Lions,Gujarat Lions,wickets,4.0,Gujarat Lions,field,SK Raina
1082614,2017,2017-04-22,Wankhede Stadium,Mumbai Indians,Delhi Daredevils,Mumbai Indians,runs,14.0,Delhi Daredevils,field,MJ McClenaghan
1082615,2017,2017-04-22,Maharashtra Cricket Association Stadium,Rising Pune Supergiant,Sunrisers Hyderabad,Rising Pune Supergiant,wickets,6.0,Rising Pune Supergiant,field,MS Dhoni
1082616,2017,2017-04-23,Saurashtra Cricket Association Stadium,Gujarat Lions,Kings XI Punjab,Kings XI Punjab,runs,26.0,Gujarat Lions,field,HM Amla
1082617,2017,2017-04-23,Eden Gardens,Kolkata Knight Riders,Royal Challengers Bangalore,Kolkata Knight Riders,runs,82.0,Royal Challengers Bangalore,field,NM Coulter-Nile
1082618,2017,2017-04-24,Wankhede Stadium,Mumbai Indians,Rising Pune Supergiant,Rising Pune Supergiant,runs,3.0,Mumbai Indians,field,BA Stokes
1082620,2017,2017-04-26,Maharashtra Cricket Association Stadium,Rising Pune Supergiant,Kolkata Knight Riders,Kolkata Knight Riders,wickets,7.0,Kolkata Knight Riders,field,RV Uthappa
1082621,2017,2017-04-27,M Chinnaswamy Stadium,Royal Challengers Bangalore,Gujarat Lions,Gujarat Lions,wickets,7.0,Gujarat Lions,field,AJ Tye
1082622,2017,2017-04-28,Eden Gardens,Kolkata Knight Riders,Delhi Daredevils,Kolkata Knight Riders,wickets,7.0,Kolkata Knight Riders,field,G Gambhir
1082623,2017,2017-04-28,"Punjab Cricket Association IS Bindra Stadium, Mohali",Kings XI Punjab,Sunrisers Hyderabad,Sunrisers Hyderabad,runs,26.0,Kings XI Punjab,field,Rashid Khan
1082624,2017,2017-04-29,Maharashtra Cricket Association Stadium,Rising Pune Supergiant,Royal Challengers Bangalore,Rising Pune Supergiant,runs,61.0,Royal Challengers Bangalore,field,LH Ferguson
1082625,2017,2017-04-29,Saurashtra Cricket Association Stadium,Gujarat Lions,Mumbai Indians,,,,Gujarat Lions,bat,KH Pandya
1082626,2017,2017-04-30,"Punjab Cricket Association IS Bindra Stadium, Mohali",Kings XI Punjab,Delhi Daredevils,Kings XI Punjab,wickets,10.0,Kings XI Punjab,field,Sandeep Sharma
1082627,2017,2017-04-30,"Rajiv Gandhi International Stadium, Uppal",Sunrisers Hyderabad,Kolkata Knight Riders,Sunrisers Hyderabad,runs,48.0,Kolkata Knight Riders,field,DA Warner
1082628,2017,2017-05-01,Wankhede Stadium,Mumbai Indians,Royal Challengers Bangalore,Mumbai Indians,wickets,5.0,Royal Challengers Bangalore,bat,RG Sharma
1082629,2017,2017-05-01,Maharashtra Cricket Association Stadium,Rising Pune Supergiant,Gujarat Lions,Rising Pune Supergiant,wickets,5.0,Rising Pune Supergiant,field,BA Stokes
1082630,2017,2017-05-02,Feroz Shah Kotla,Delhi Daredevils,Sunrisers Hyderabad,Delhi Daredevils,wickets,6.0,Delhi Daredevils,field,Mohammed Shami
1082631,2017,2017-05-03,Eden Gardens,Kolkata Knight Riders,Rising Pune Supergiant,Rising Pune Supergiant,wickets,4.0,Rising Pune Supergiant,field,RA Tripathi
1082632,2017,2017-05-04,Feroz Shah Kotla,Delhi Daredevils,Gujarat Lions,Delhi Daredevils,wickets,7.0,Delhi Daredevils,field,RR Pant
1082633,2017,2017-05-05,M Chinnaswamy Stadium,Royal Challengers Bangalore,Kings XI Punjab,Kings XI Punjab,runs,19.0,Royal Challengers Bangalore,field,Sandeep Sharma
1082634,2017,2017-05-06,"Rajiv Gandhi International Stadium, Uppal",Sunrisers Hyderabad,Rising Pune Supergiant,Rising Pune Supergiant,runs,12.0,Sunrisers Hyderabad,field,JD Unadkat
1082635,2017,2017-05-06,Feroz Shah Kotla,Delhi Daredevils,Mumbai Indians,Mumbai Indians,runs,146.0,Delhi Daredevils,field,LMP Simmons
1082636,2017,2017-05-07,M Chinnaswamy Stadium,Royal Challengers Bangalore,Kolkata Knight Riders,Kolkata Knight Riders,wickets,6.0,Kolkata Knight Riders,field,SP Narine
1082637,2017,2017-05-07,"Punjab Cricket Association IS Bindra Stadium, Mohali",Kings XI Punjab,Gujarat Lions,Gujarat Lions,wickets,6.0,Gujarat Lions,field,DR Smith
1082638,2017,2017-05-08,"Rajiv Gandhi International Stadium, Uppal",Sunrisers Hyderabad,Mumbai Indians,Sunrisers Hyderabad,wickets,7.0,Mumbai Indians,bat,S Dhawan
1082639,2017,2017-05-09,"Punjab Cricket Association IS Bindra Stadium, Mohali",Kings XI Punjab,Kolkata Knight Riders,Kings XI Punjab,runs,14.0,Kolkata Knight Riders,field,MM Sharma
1082640,2017,2017-05-10,Green Park,Gujarat Lions,Delhi Daredevils,Delhi Daredevils,wickets,2.0,Delhi Daredevils,field,SS Iyer
1082641,2017,2017-05-11,Wankhede Stadium,Mumbai Indians,Kings XI Punjab,Kings XI Punjab,runs,7.0,Mumbai Indians,field,WP Saha
1082642,2017,2017-05-12,Feroz Shah Kotla,Delhi Daredevils,Rising Pune Supergiant,Delhi Daredevils,runs,7.0,Delhi Daredevils,bat,KK Nair
1082643,2017,2017-05-13,Green Park,Gujarat Lions,Sunrisers Hyderabad,Sunrisers Hyderabad,wickets,8.0,Sunrisers Hyderabad,field,Mohammed Siraj
1082644,2017,2017-05-13,Eden Gardens,Kolkata Knight Riders,Mumbai Indians,Mumbai Indians,runs,9.0,Kolkata Knight Riders,field,AT Rayudu
1082645,2017,2017-05-14,Maharashtra Cricket Association Stadium,Rising Pune Supergiant,Kings XI Punjab,Rising Pune Supergiant,wickets,9.0,Rising Pune Supergiant,field,JD Unadkat
1082646,2017,2017-05-14,Feroz Shah Kotla,Delhi Daredevils,Royal Challengers Bangalore,Royal Challengers Bangalore,runs,10.0,Royal Challengers Bangalore,bat,HV Patel
1082647,2017,2017-05-16,Wankhede Stadium,Mumbai Indians,Rising Pune Supergiant,Rising Pune Supergiant,runs,20.0,Mumbai Indians,field,Washington Sundar
1082648,2017,2017-05-17,M Chinnaswamy Stadium,Sunrisers Hyderabad,Kolkata Knight Riders,Kolkata Knight Riders,wickets,7.0,Kolkata Knight Riders,field,NM Coulter-Nile
1082649,2017,2017-05-19,M Chinnaswamy Stadium,Mumbai Indians,Kolkata Knight Riders,Mumbai Indians,wickets,6.0,Mumbai Indians,field,KV Sharma
1082650,2017,2017-05-21,"Rajiv Gandhi International Stadium, Uppal",Mumbai Indians,Rising Pune Supergiant,Mumbai Indians,runs,1.0,Mumbai Indians,bat,KH Pandya
1136561,2018,2018-04-07,Wankhede Stadium,Mumbai Indians,Chennai Super Kings,Chennai Super Kings,wickets,1.0,Chennai Super Kings,field,DJ Bravo
1136562,2018,2018-04-08,Punjab Cricket Association IS Bindra Stadium,Delhi Daredevils,Kings XI Punjab,Kings XI Punjab,wickets,6.0,Kings XI Punjab,field,KL Rahul
1136563,2018,2018-04-08,Eden Gardens,Royal Challengers Bangalore,Kolkata Knight Riders,Kolkata Knight Riders,wickets,4.0,Kolkata Knight Riders,field,SP Narine
1136564,2018,2018-04-09,Rajiv Gandhi International Stadium,Rajasthan Royals,Sunrisers Hyderabad,Sunrisers Hyderabad,wickets,9.0,Sunrisers Hyderabad,field,S Dhawan
1136565,2018,2018-04-10,MA Chidambaram Stadium,Kolkata Knight Riders,Chennai Super Kings,Chennai Super Kings,wickets,5.0,Chennai Super Kings,field,SW Billings
1136566,2018,2018-04-11,Sawai Mansingh Stadium,Rajasthan Royals,Delhi Daredevils,Rajasthan Royals,runs,10.0,Delhi Daredevils,field,SV Samson
1136567,2018,2018-04-12,Rajiv Gandhi International Stadium,Mumbai Indians,Sunrisers Hyderabad,Sunrisers Hyderabad,wickets,1.0,Sunrisers Hyderabad,field,Rashid Khan
1136568,2018,2018-04-13,M.Chinnaswamy Stadium,Kings XI Punjab,Royal Challengers Bangalore,Royal Challengers Bangalore,wickets,4.0,Royal Challengers Bangalore,field,UT Yadav
1136569,2018,2018-04-14,Wankhede Stadium,Mumbai Indians,Delhi Daredevils,Delhi Daredevils,wickets,7.0,Delhi Daredevils,field,JJ Roy
1136570,2018,2018-04-14,Eden Gardens,Kolkata Knight Riders,Sunrisers Hyderabad,Sunrisers Hyderabad,wickets,5.0,Sunrisers Hyderabad,field,B Stanlake
1136571,2018,2018-04-15,M.Chinnaswamy Stadium,Rajasthan Royals,Royal Challengers Bangalore,Rajasthan Royals,runs,19.0,Royal Challengers Bangalore,field,SV Samson
1136572,2018,2018-04-15,Punjab Cricket Association IS Bindra Stadium,Kings XI Punjab,Chennai Super Kings,Kings XI Punjab,runs,4.0,Chennai Super Kings,field,CH Gayle
1136573,2018,2018-04-16,Eden Gardens,Kolkata Knight Riders,Delhi Daredevils,Kolkata Knight Riders,runs,71.0,Delhi Daredevils,field,N Rana
1136574,2018,2018-04-17,Wankhede Stadium,Mumbai Indians,Royal Challengers Bangalore,Mumbai Indians,runs,46.0,Royal Challengers Bangalore,field,RG Sharma
1136575,2018,2018-04-18,Sawai Mansingh Stadium,Rajasthan Royals,Kolkata Knight Riders,Kolkata Knight Riders,wickets,7.0,Kolkata Knight Riders,field,N Rana
1136576,2018,2018-04-19,Punjab Cricket Association IS Bindra Stadium,Kings XI Punjab,Sunrisers Hyderabad,Kings XI Punjab,runs,15.0,Kings XI Punjab,bat,CH Gayle
1136577,2018,2018-04-20,Maharashtra Cricket Association Stadium,Chennai Super Kings,Rajasthan Royals,Chennai Super Kings,runs,64.0,Rajasthan Royals,field,SR Watson
1136578,2018,2018-04-21,Eden Gardens,Kolkata Knight Riders,Kings XI Punjab,Kings XI Punjab,wickets,9.0,Kings XI Punjab,field,KL Rahul
1136579,2018,2018-04-21,M.Chinnaswamy Stadium,Delhi Daredevils,Royal Challengers Bangalore,Royal Challengers Bangalore,wickets,6.0,Royal Challengers Bangalore,field,AB de Villiers
1136580,2018,2018-04-22,Rajiv Gandhi International Stadium,Chennai Super Kings,Sunrisers Hyderabad,Chennai Super Kings,runs,4.0,Sunrisers Hyderabad,field,AT Rayudu
1136581,2018,2018-04-22,Sawai Mansingh Stadium,Mumbai Indians,Rajasthan Royals,Rajasthan Royals,wickets,3.0,Mumbai Indians,bat,JC Archer
1136582,2018,2018-04-23,Arun Jaitley Stadium,Kings XI Punjab,Delhi Daredevils,Kings XI Punjab,runs,4.0,Delhi Daredevils,field,AS Rajpoot
1136583,2018,2018-04-24,Wankhede Stadium,Sunrisers Hyderabad,Mumbai Indians,Sunrisers Hyderabad,runs,31.0,Mumbai Indians,field,Rashid Khan
1136584,2018,2018-04-25,M.Chinnaswamy Stadium,Royal Challengers Bangalore,Chennai Super Kings,Chennai Super Kings,wickets,5.0,Chennai Super Kings,field,MS Dhoni
1136585,2018,2018-04-26,Rajiv Gandhi International Stadium,Sunrisers Hyderabad,Kings XI Punjab,Sunrisers Hyderabad,runs,13.0,Kings XI Punjab,field,AS Rajpoot
1136586,2018,2018-04-27,Arun Jaitley Stadium,Delhi Daredevils,Kolkata Knight Riders,Delhi Daredevils,runs,55.0,Kolkata Knight Riders,field,SS Iyer
1136587,2018,2018-04-28,Maharashtra Cricket Association Stadium,Chennai Super Kings,Mumbai Indians,Mumbai Indians,wickets,8.0,Mumbai Indians,field,RG Sharma
1136588,2018,2018-04-29,Sawai Mansingh Stadium,Sunrisers Hyderabad,Rajasthan Royals,Sunrisers Hyderabad,runs,11.0,Sunrisers Hyderabad,bat,KS Williamson
1136589,2018,2018-04-29,M.Chinnaswamy Stadium,Royal Challengers Bangalore,Kolkata Knight Riders,Kolkata Knight Riders,wickets,6.0,Kolkata Knight Riders,field,CA Lynn
1136590,2018,2018-04-30,Maharashtra Cricket Association Stadium,Chennai Super Kings,Delhi Daredevils,Chennai Super Kings,runs,13.0,Delhi Daredevils,field,SR Watson
1136591,2018,2018-05-01,M.Chinnaswamy Stadium,Royal Challengers Bangalore,Mumbai Indians,Royal Challengers Bangalore,runs,14.0,Mumbai Indians,field,TG Southee
1136592,2018,2018-05-02,Arun Jaitley Stadium,Delhi Daredevils,Rajasthan Royals,Delhi Daredevils,runs,4.0,Rajasthan Royals,field,RR Pant
1136593,2018,2018-05-03,Eden Gardens,Chennai Super Kings,Kolkata Knight Riders,Kolkata Knight Riders,wickets,6.0,Kolkata Knight Riders,field,SP Narine
1136594,2018,2018-05-04,Holkar Cricket Stadium,Kings XI Punjab,Mumbai Indians,Mumbai Indians,wickets,6.0,Mumbai Indians,field,SA Yadav
1136595,2018,2018-05-05,Maharashtra Cricket Association Stadium,Royal Challengers Bangalore,Chennai Super Kings,Chennai Super Kings,wickets,6.0,Chennai Super Kings,field,RA Jadeja
1136596,2018,2018-05-05,Rajiv Gandhi International Stadium,Delhi Daredevils,Sunrisers Hyderabad,Sunrisers Hyderabad,wickets,7.0,Delhi Daredevils,bat,Rashid Khan
1136597,2018,2018-05-06,Wankhede Stadium,Mumbai Indians,Kolkata Knight Riders,Mumbai Indians,runs,13.0,Kolkata Knight Riders,field,HH Pandya
1136598,2018,2018-05-06,Holkar Cricket Stadium,Rajasthan Royals,Kings XI Punjab,Kings XI Punjab,wickets,6.0,Kings XI Punjab,field,Mujeeb Ur Rahman
1136599,2018,2018-05-07,Rajiv Gandhi International Stadium,Sunrisers Hyderabad,Royal Challengers Bangalore,Sunrisers Hyderabad,runs,5.0,Royal Challengers Bangalore,field,KS Williamson
1136600,2018,2018-05-08,Sawai Mansingh Stadium,Rajasthan Royals,Kings XI Punjab,Rajasthan Royals,runs,15.0,Rajasthan Royals,bat,JC Buttler
1136601,2018,2018-05-09,Eden Gardens,Mumbai Indians,Kolkata Knight Riders,Mumbai Indians,runs,102.0,Kolkata Knight Riders,field,Ishan Kishan
1136602,2018,2018-05-10,Arun Jaitley Stadium,Delhi Daredevils,Sunrisers Hyderabad,Sunrisers Hyderabad,wickets,9.0,Delhi Daredevils,bat,S Dhawan
1136603,2018,2018-05-11,Sawai Mansingh Stadium,Chennai Super Kings,Rajasthan Royals,Rajasthan Royals,wickets,4.0,Chennai Super Kings,bat,JC Buttler
1136604,2018,2018-05-12,Holkar Cricket Stadium,Kolkata Knight Riders,Kings XI Punjab,Kolkata Knight Riders,runs,31.0,Kings XI Punjab,field,SP Narine
1136605,2018,2018-05-12,Arun Jaitley Stadium,Delhi Daredevils,Royal Challengers Bangalore,Royal Challengers Bangalore,wickets,5.0,Royal Challengers Bangalore,field,AB de Villiers
1136606,2018,2018-05-13,Maharashtra Cricket Association Stadium,Sunrisers Hyderabad,Chennai Super Kings,Chennai Super Kings,wickets,8.0,Chennai Super Kings,field,AT Rayudu
1136607,2018,2018-05-13,Wankhede Stadium,Mumbai Indians,Rajasthan Royals,Rajasthan Royals,wickets,7.0,Rajasthan Royals,field,JC Buttler
1136608,2018,2018-05-14,Holkar Cricket Stadium,Kings XI Punjab,Royal Challengers Bangalore,Royal Challengers Bangalore,wickets,10.0,Royal Challengers Bangalore,field,UT Yadav
1136609,2018,2018-05-15,Eden Gardens,Rajasthan Royals,Kolkata Knight Riders,Kolkata Knight Riders,wickets,6.0,Kolkata Knight Riders,field,Kuldeep Yadav
1136610,2018,2018-05-16,Wankhede Stadium,Mumbai Indians,Kings XI Punjab,Mumbai Indians,runs,3.0,Kings XI Punjab,field,JJ Bumrah
1136611,2018,2018-05-17,M.Chinnaswamy Stadium,Royal Challengers Bangalore,Sunrisers Hyderabad,Royal Challengers Bangalore,runs,14.0,Sunrisers Hyderabad,field,AB de Villiers
1136612,2018,2018-05-18,Arun Jaitley Stadium,Delhi Daredevils,Chennai Super Kings,Delhi Daredevils,runs,34.0,Chennai Super Kings,field,HV Patel
1136613,2018,2018-05-19,Sawai Mansingh Stadium,Rajasthan Royals,Royal Challengers Bangalore,Rajasthan Royals,runs,30.0,Rajasthan Royals,bat,S Gopal
1136614,2018,2018-05-19,Rajiv Gandhi International Stadium,Sunrisers Hyderabad,Kolkata Knight Riders,Kolkata Knight Riders,wickets,5.0,Sunrisers Hyderabad,bat,CA Lynn
1136615,2018,2018-05-20,Arun Jaitley Stadium,Delhi Daredevils,Mumbai Indians,Delhi Daredevils,runs,11.0,Delhi Daredevils,bat,A Mishra
1136616,2018,2018-05-20,Maharashtra Cricket Association Stadium,Kings XI Punjab,Chennai Super Kings,Chennai Super Kings,wickets,5.0,Chennai Super Kings,field,L Ngidi
1136617,2018,2018-05-22,Wankhede Stadium,Sunrisers Hyderabad,Chennai Super Kings,Chennai Super Kings,wickets,2.0,Chennai Super Kings,field,F du Plessis
1136618,2018,2018-05-23,Eden Gardens,Kolkata Knight Riders,Rajasthan Royals,Kolkata Knight Riders,runs,25.0,Rajasthan Royals,field,AD Russell
1136619,2018,2018-05-25,Eden Gardens,Sunrisers Hyderabad,Kolkata Knight Riders,Sunrisers Hyderabad,runs,14.0,Kolkata Knight Riders,field,Rashid Khan
1136620,2018,2018-05-27,Wankhede Stadium,Sunrisers Hyderabad,Chennai Super Kings,Chennai Super Kings,wickets,8.0,Chennai Super Kings,field,SR Watson
1175356,2019,2019-03-23,MA Chidambaram Stadium,Royal Challengers Bangalore,Chennai Super Kings,Chennai Super Kings,wickets,7.0,Chennai Super Kings,field,Harbhajan Singh
1175357,2019,2019-03-24,Eden Gardens,Sunrisers Hyderabad,Kolkata Knight Riders,Kolkata Knight Riders,wickets,6.0,Kolkata Knight Riders,field,AD Russell
1175358,2019,2019-03-24,Wankhede Stadium,Delhi Capitals,Mumbai Indians,Delhi Capitals,runs,37.0,Mumbai Indians,field,RR Pant
1175359,2019,2019-03-25,Sawai Mansingh Stadium,Kings XI Punjab,Rajasthan Royals,Kings XI Punjab,runs,14.0,Rajasthan Royals,field,CH Gayle
1175360,2019,2019-03-26,Arun Jaitley Stadium,Delhi Capitals,Chennai Super Kings,Chennai Super Kings,wickets,6.0,Delhi Capitals,bat,SR Watson
1175361,2019,2019-03-27,Eden Gardens,Kolkata Knight Riders,Kings XI Punjab,Kolkata Knight Riders,runs,28.0,Kings XI Punjab,field,AD Russell
1175362,2019,2019-03-28,M.Chinnaswamy Stadium,Mumbai Indians,Royal Challengers Bangalore,Mumbai Indians,runs,6.0,Royal Challengers Bangalore,field,JJ Bumrah
1175363,2019,2019-03-29,Rajiv Gandhi International Stadium,Rajasthan Royals,Sunrisers Hyderabad,Sunrisers Hyderabad,wickets,5.0,Rajasthan Royals,bat,Rashid Khan
1175364,2019,2019-03-30,Punjab Cricket Association IS Bindra Stadium,Mumbai Indians,Kings XI Punjab,Kings XI Punjab,wickets,8.0,Kings XI Punjab,field,MA Agarwal
1175365,2019,2019-03-30,Arun Jaitley Stadium,Kolkata Knight Riders,Delhi Capitals,,,,Delhi Capitals,field,PP Shaw
1175366,2019,2019-03-31,Rajiv Gandhi International Stadium,Sunrisers Hyderabad,Royal Challengers Bangalore,Sunrisers Hyderabad,runs,118.0,Royal Challengers Bangalore,field,JM Bairstow
1175367,2019,2019-03-31,MA Chidambaram Stadium,Chennai Super Kings,Rajasthan Royals,Chennai Super Kings,runs,8.0,Rajasthan Royals,field,MS Dhoni
1175368,2019,2019-04-01,Punjab Cricket Association IS Bindra Stadium,Kings XI Punjab,Delhi Capitals,Kings XI Punjab,runs,14.0,Delhi Capitals,field,SM Curran
1175369,2019,2019-04-02,Sawai Mansingh Stadium,Royal Challengers Bangalore,Rajasthan Royals,Rajasthan Royals,wickets,7.0,Rajasthan Royals,field,S Gopal
1175370,2019,2019-04-03,Wankhede Stadium,Mumbai Indians,Chennai Super Kings,Mumbai Indians,runs,37.0,Chennai Super Kings,field,HH Pandya
1175371,2019,2019-04-04,Arun Jaitley Stadium,Delhi Capitals,Sunrisers Hyderabad,Sunrisers Hyderabad,wickets,5.0,Sunrisers Hyderabad,field,JM Bairstow
1175372,2019,2019-04-05,M.Chinnaswamy Stadium,Royal Challengers Bangalore,Kolkata Knight Riders,Kolkata Knight Riders,wickets,5.0,Kolkata Knight Riders,field,AD Russell
1178393,2019,2019-04-06,MA Chidambaram Stadium,Chennai Super Kings,Kings XI Punjab,Chennai Super Kings,runs,22.0,Chennai Super Kings,bat,Harbhajan Singh
1178394,2019,2019-04-06,Rajiv Gandhi International Stadium,Mumbai Indians,Sunrisers Hyderabad,Mumbai Indians,runs,40.0,Sunrisers Hyderabad,field,AS Joseph
1178395,2019,2019-04-07,M.Chinnaswamy Stadium,Royal Challengers Bangalore,Delhi Capitals,Delhi Capitals,wickets,4.0,Delhi Capitals,field,K Rabada
1178396,2019,2019-04-07,Sawai Mansingh Stadium,Rajasthan Royals,Kolkata Knight Riders,Kolkata Knight Riders,wickets,8.0,Kolkata Knight Riders,field,HF Gurney
1178397,2019,2019-04-08,Punjab Cricket Association IS Bindra Stadium,Sunrisers Hyderabad,Kings XI Punjab,Kings XI Punjab,wickets,6.0,Kings XI Punjab,field,KL Rahul
1178398,2019,2019-04-09,MA Chidambaram Stadium,Kolkata Knight Riders,Chennai Super Kings,Chennai Super Kings,wickets,7.0,Chennai Super Kings,field,DL Chahar
1178399,2019,2019-04-10,Wankhede Stadium,Kings XI Punjab,Mumbai Indians,Mumbai Indians,wickets,3.0,Mumbai Indians,field,KA Pollard
1178400,2019,2019-04-11,Sawai Mansingh Stadium,Rajasthan Royals,Chennai Super Kings,Chennai Super Kings,wickets,4.0,Chennai Super Kings,field,MS Dhoni
1178401,2019,2019-04-12,Eden Gardens,Kolkata Knight Riders,Delhi Capitals,Delhi Capitals,wickets,7.0,Delhi Capitals,field,S Dhawan
1178402,2019,2019-04-13,Wankhede Stadium,Mumbai Indians,Rajasthan Royals,Rajasthan Royals,wickets,4.0,Rajasthan Royals,field,JC Buttler
1178403,2019,2019-04-13,Punjab Cricket Association IS Bindra Stadium,Kings XI Punjab,Royal Challengers Bangalore,Royal Challengers Bangalore,wickets,8.0,Royal Challengers Bangalore,field,AB de Villiers
1178404,2019,2019-04-14,Eden Gardens,Kolkata Knight Riders,Chennai Super Kings,Chennai Super Kings,wickets,5.0,Chennai Super Kings,field,Imran Tahir
1178405,2019,2019-04-14,Rajiv Gandhi International Stadium,Delhi Capitals,Sunrisers Hyderabad,Delhi Capitals,runs,39.0,Sunrisers Hyderabad,field,KMA Paul
1178406,2019,2019-04-15,Wankhede Stadium,Royal Challengers Bangalore,Mumbai Indians,Mumbai Indians,wickets,5.0,Mumbai Indians,field,SL Malinga
1178407,2019,2019-04-16,Punjab Cricket Association IS Bindra Stadium,Kings XI Punjab,Rajasthan Royals,Kings XI Punjab,runs,12.0,Rajasthan Royals,field,R Ashwin
1178408,2019,2019-04-17,Rajiv Gandhi International Stadium,Chennai Super Kings,Sunrisers Hyderabad,Sunrisers Hyderabad,wickets,6.0,Chennai Super Kings,bat,DA Warner
1178409,2019,2019-04-18,Arun Jaitley Stadium,Mumbai Indians,Delhi Capitals,Mumbai Indians,runs,40.0,Mumbai Indians,bat,HH Pandya
1178410,2019,2019-04-19,Eden Gardens,Royal Challengers Bangalore,Kolkata Knight Riders,Royal Challengers Bangalore,runs,10.0,Kolkata Knight Riders,field,V Kohli
1178411,2019,2019-04-20,Sawai Mansingh Stadium,Mumbai Indians,Rajasthan Royals,Rajasthan Royals,wickets,5.0,Rajasthan Royals,field,SPD Smith
1178412,2019,2019-04-20,Arun Jaitley Stadium,Kings XI Punjab,Delhi Capitals,Delhi Capitals,wickets,5.0,Delhi Capitals,field,SS Iyer
1178413,2019,2019-04-21,Rajiv Gandhi International Stadium,Kolkata Knight Riders,Sunrisers Hyderabad,Sunrisers Hyderabad,wickets,9.0,Sunrisers Hyderabad,field,KK Ahmed
1178414,2019,2019-04-21,M.Chinnaswamy Stadium,Royal Challengers Bangalore,Chennai Super Kings,Royal Challengers Bangalore,runs,1.0,Chennai Super Kings,field,PA Patel
1178415,2019,2019-04-22,Sawai Mansingh Stadium,Rajasthan Royals,Delhi Capitals,Delhi Capitals,wickets,6.0,Delhi Capitals,field,RR Pant
1178416,2019,2019-04-23,MA Chidambaram Stadium,Sunrisers Hyderabad,Chennai Super Kings,Chennai Super Kings,wickets,6.0,Chennai Super Kings,field,SR Watson
1178417,2019,2019-04-24,M.Chinnaswamy Stadium,Royal Challengers Bangalore,Kings XI Punjab,Royal Challengers Bangalore,runs,17.0,Kings XI Punjab,field,AB de Villiers
1178418,2019,2019-04-25,Eden Gardens,Kolkata Knight Riders,Rajasthan Royals,Rajasthan Royals,wickets,3.0,Rajasthan Royals,field,VR Aaron
1178419,2019,2019-04-26,MA Chidambaram Stadium,Mumbai Indians,Chennai Super Kings,Mumbai Indians,runs,46.0,Chennai Super Kings,field,RG Sharma
1178420,2019,2019-04-27,Sawai Mansingh Stadium,Sunrisers Hyderabad,Rajasthan Royals,Rajasthan Royals,wickets,7.0,Rajasthan Royals,field,JD Unadkat
1178421,2019,2019-04-28,Arun Jaitley Stadium,Delhi Capitals,Royal Challengers Bangalore,Delhi Capitals,runs,16.0,Delhi Capitals,bat,S Dhawan
1178422,2019,2019-04-28,Eden Gardens,Kolkata Knight Riders,Mumbai Indians,Kolkata Knight Riders,runs,34.0,Mumbai Indians,field,AD Russell
1178423,2019,2019-04-29,Rajiv Gandhi International Stadium,Sunrisers Hyderabad,Kings XI Punjab,Sunrisers Hyderabad,runs,45.0,Kings XI Punjab,field,DA Warner
1178424,2019,2019-04-30,M.Chinnaswamy Stadium,Royal Challengers Bangalore,Rajasthan Royals,,,,Rajasthan Royals,field,
1178425,2019,2019-05-01,MA Chidambaram Stadium,Chennai Super Kings,Delhi Capitals,Chennai Super Kings,runs,80.0,Delhi Capitals,field,MS Dhoni
1178426,2019,2019-05-02,Wankhede Stadium,Mumbai Indians,Sunrisers Hyderabad,,,,Mumbai Indians,bat,JJ Bumrah
1178427,2019,2019-05-03,Punjab Cricket Association IS Bindra Stadium,Kings XI Punjab,Kolkata Knight Riders,Kolkata Knight Riders,wickets,7.0,Kolkata Knight Riders,field,Shubman Gill
1178428,2019,2019-05-04,Arun Jaitley Stadium,Rajasthan Royals,Delhi Capitals,Delhi Capitals,wickets,5.0,Rajasthan Royals,bat,A Mishra
1178429,2019,2019-05-04,M.Chinnaswamy Stadium,Sunrisers Hyderabad,Royal Challengers Bangalore,Royal Challengers Bangalore,wickets,4.0,Royal Challengers Bangalore,field,SO Hetmyer
1178430,2019,2019-05-05,Punjab Cricket Association IS Bindra Stadium,Chennai Super Kings,Kings XI Punjab,Kings XI Punjab,wickets,6.0,Kings XI Punjab,field,KL Rahul
1178431,2019,2019-05-05,Wankhede Stadium,Kolkata Knight Riders,Mumbai Indians,Mumbai Indians,wickets,9.0,Mumbai Indians,field,HH Pandya
1181764,2019,2019-05-07,MA Chidambaram Stadium,Chennai Super Kings,Mumbai Indians,Mumbai Indians,wickets,6.0,Chennai Super Kings,bat,SA Yadav
1181766,2019,2019-05-08,Dr. Y.S. Rajasekhara Reddy ACA-VDCA Cricket Stadium,Sunrisers Hyderabad,Delhi Capitals,Delhi Capitals,wickets,2.0,Delhi Capitals,field,RR Pant
1181767,2019,2019-05-10,Dr. Y.S. Rajasekhara Reddy ACA-VDCA Cricket Stadium,Delhi Capitals,Chennai Super Kings,Chennai Super Kings,wickets,6.0,Chennai Super Kings,field,F du Plessis
1181768,2019,2019-05-12,Rajiv Gandhi International Stadium,Mumbai Indians,Chennai Super Kings,Mumbai Indians,runs,1.0,Mumbai Indians,bat,JJ Bumrah
1216492,,2020-09-19,Sheikh Zayed Stadium,Mumbai Indians,Chennai Super Kings,Chennai Super Kings,wickets,5.0,Chennai Super Kings,field,AT Rayudu
1216493,,2020-09-20,Dubai International Cricket Stadium,Delhi Capitals,Kings XI Punjab,,,,Kings XI Punjab,field,MP Stoinis
1216494,,2020-10-21,Sheikh Zayed Stadium,Kolkata Knight Riders,Royal Challengers Bangalore,Royal Challengers Bangalore,wickets,8.0,Kolkata Knight Riders,bat,Mohammed Siraj
1216495,,2020-11-03,Sharjah Cricket Stadium,Mumbai Indians,Sunrisers Hyderabad,Sunrisers Hyderabad,wickets,10.0,Sunrisers Hyderabad,field,S Nadeem
1216496,,2020-09-22,Sharjah Cricket Stadium,Rajasthan Royals,Chennai Super Kings,Rajasthan Royals,runs,16.0,Chennai Super Kings,field,SV Samson
1216497,,2020-10-24,Sheikh Zayed Stadium,Kolkata Knight Riders,Delhi Capitals,Kolkata Knight Riders,runs,59.0,Delhi Capitals,field,CV Varun
1216498,,2020-10-24,Dubai International Cricket Stadium,Kings XI Punjab,Sunrisers Hyderabad,Kings XI Punjab,runs,12.0,Sunrisers Hyderabad,field,CJ Jordan
1216499,,2020-10-28,Sheikh Zayed Stadium,Royal Challengers Bangalore,Mumbai Indians,Mumbai Indians,wickets,5.0,Mumbai Indians,field,SA Yadav
1216500,,2020-10-09,Sharjah Cricket Stadium,Delhi Capitals,Rajasthan Royals,Delhi Capitals,runs,46.0,Rajasthan Royals,field,R Ashwin
1216501,,2020-10-07,Sheikh Zayed Stadium,Kolkata Knight Riders,Chennai Super Kings,Kolkata Knight Riders,runs,10.0,Kolkata Knight Riders,bat,RA Tripathi
1216502,,2020-10-31,Sharjah Cricket Stadium,Royal Challengers Bangalore,Sunrisers Hyderabad,Sunrisers Hyderabad,wickets,5.0,Sunrisers Hyderabad,field,Sandeep Sharma
1216503,,2020-10-01,Sheikh Zayed Stadium,Mumbai Indians,Kings XI Punjab,Mumbai Indians,runs,48.0,Kings XI Punjab,field,KA Pollard
1216504,,2020-09-30,Dubai International Cricket Stadium,Kolkata Knight Riders,Rajasthan Royals,Kolkata Knight Riders,runs,37.0,Rajasthan Royals,field,Shivam Mavi
1216505,,2020-11-02,Sheikh Zayed Stadium,Royal Challengers Bangalore,Delhi Capitals,Delhi Capitals,wickets,6.0,Delhi Capitals,field,A Nortje
1216506,,2020-11-01,Sheikh Zayed Stadium,Kings XI Punjab,Chennai Super Kings,Chennai Super Kings,wickets,9.0,Chennai Super Kings,field,RD Gaikwad
1216507,,2020-10-11,Dubai International Cricket Stadium,Sunrisers Hyderabad,Rajasthan Royals,Rajasthan Royals,wickets,5.0,Sunrisers Hyderabad,bat,R Tewatia
1216508,,2020-09-23,Sheikh Zayed Stadium,Mumbai Indians,Kolkata Knight Riders,Mumbai Indians,runs,49.0,Kolkata Knight Riders,field,RG Sharma
1216509,,2020-10-17,Sharjah Cricket Stadium,Chennai Super Kings,Delhi Capitals,Delhi Capitals,wickets,5.0,Chennai Super Kings,bat,S Dhawan
1216510,,2020-09-24,Dubai International Cricket Stadium,Kings XI Punjab,Royal Challengers Bangalore,Kings XI Punjab,runs,97.0,Royal Challengers Bangalore,field,KL Rahul
1216511,,2020-10-06,Sheikh Zayed Stadium,Mumbai Indians,Rajasthan Royals,Mumbai Indians,runs,57.0,Mumbai Indians,bat,SA Yadav
1216512,,2020-10-18,Sheikh Zayed Stadium,Kolkata Knight Riders,Sunrisers Hyderabad,,,,Sunrisers Hyderabad,field,LH Ferguson
1216513,,2020-10-04,Dubai International Cricket Stadium,Kings XI Punjab,Chennai Super Kings,Chennai Super Kings,wickets,10.0,Kings XI Punjab,bat,SR Watson
1216514,,2020-10-03,Sheikh Zayed Stadium,Rajasthan Royals,Royal Challengers Bangalore,Royal Challengers Bangalore,wickets,8.0,Rajasthan Royals,bat,YS Chahal
1216515,,2020-10-03,Sharjah Cricket Stadium,Delhi Capitals,Kolkata Knight Riders,Delhi Capitals,runs,18.0,Kolkata Knight Riders,field,SS Iyer
1216516,,2020-10-02,Dubai International Cricket Stadium,Sunrisers Hyderabad,Chennai Super Kings,Sunrisers Hyderabad,runs,7.0,Sunrisers Hyderabad,bat,PK Garg
1216517,,2020-10-18,Dubai International Cricket Stadium,Mumbai Indians,Kings XI Punjab,,,,Mumbai Indians,bat,KL Rahul
1216518,,2020-10-22,Dubai International Cricket Stadium,Rajasthan Royals,Sunrisers Hyderabad,Sunrisers Hyderabad,wickets,8.0,Sunrisers Hyderabad,field,MK Pandey
1216519,,2020-10-05,Dubai International Cricket Stadium,Delhi Capitals,Royal Challengers Bangalore,Delhi Capitals,runs,59.0,Royal Challengers Bangalore,field,AR Patel
1216520,,2020-10-26,Sharjah Cricket Stadium,Kolkata Knight Riders,Kings XI Punjab,Kings XI Punjab,wickets,8.0,Kings XI Punjab,field,CH Gayle
1216521,,2020-10-23,Sharjah Cricket Stadium,Chennai Super Kings,Mumbai Indians,Mumbai Indians,wickets,10.0,Mumbai Indians,field,TA Boult
1216522,,2020-10-17,Dubai International Cricket Stadium,Rajasthan Royals,Royal Challengers Bangalore,Royal Challengers Bangalore,wickets,7.0,Rajasthan Royals,bat,AB de Villiers
1216523,,2020-10-10,Sheikh Zayed Stadium,Kolkata Knight Riders,Kings XI Punjab,Kolkata Knight Riders,runs,2.0,Kolkata Knight Riders,bat,KD Karthik
1216524,,2020-10-27,Dubai International Cricket Stadium,Sunrisers Hyderabad,Delhi Capitals,Sunrisers Hyderabad,runs,88.0,Delhi Capitals,field,WP Saha
1216525,,2020-10-10,Dubai International Cricket Stadium,Royal Challengers Bangalore,Chennai Super Kings,Royal Challengers Bangalore,runs,37.0,Royal Challengers Bangalore,bat,V Kohli
1216526,,2020-10-16,Sheikh Zayed Stadium,Kolkata Knight Riders,Mumbai Indians,Mumbai Indians,wickets,8.0,Kolkata Knight Riders,bat,Q de Kock
1216527,,2020-09-27,Sharjah Cricket Stadium,Kings XI Punjab,Rajasthan Royals,Rajasthan Royals,wickets,4.0,Rajasthan Royals,field,SV Samson
1216528,,2020-10-13,Dubai International Cricket Stadium,Chennai Super Kings,Sunrisers Hyderabad,Chennai Super Kings,runs,20.0,Chennai Super Kings,bat,RA Jadeja
1216529,,2020-10-11,Sheikh Zayed Stadium,Delhi Capitals,Mumbai Indians,Mumbai Indians,wickets,5.0,Delhi Capitals,bat,Q de Kock
1216530,,2020-11-01,Dubai International Cricket Stadium,Kolkata Knight Riders,Rajasthan Royals,Kolkata Knight Riders,runs,60.0,Rajasthan Royals,field,PJ Cummins
1216531,,2020-10-15,Sharjah Cricket Stadium,Royal Challengers Bangalore,Kings XI Punjab,Kings XI Punjab,wickets,8.0,Royal Challengers Bangalore,bat,KL Rahul
1216532,,2020-09-29,Sheikh Zayed Stadium,Sunrisers Hyderabad,Delhi Capitals,Sunrisers Hyderabad,runs,15.0,Delhi Capitals,field,Rashid Khan
1216533,,2020-10-19,Sheikh Zayed Stadium,Chennai Super Kings,Rajasthan Royals,Rajasthan Royals,wickets,7.0,Chennai Super Kings,bat,JC Buttler
1216534,,2020-09-21,Dubai International Cricket Stadium,Royal Challengers Bangalore,Sunrisers Hyderabad,Royal Challengers Bangalore,runs,10.0,Sunrisers Hyderabad,field,YS Chahal
1216535,,2020-10-31,Dubai International Cricket Stadium,Delhi Capitals,Mumbai Indians,Mumbai Indians,wickets,9.0,Mumbai Indians,field,Ishan Kishan
1216536,,2020-10-29,Dubai International Cricket Stadium,Kolkata Knight Riders,Chennai Super Kings,Chennai Super Kings,wickets,6.0,Chennai Super Kings,field,RD Gaikwad
1216537,,2020-10-30,Sheikh Zayed Stadium,Kings XI Punjab,Rajasthan Royals,Rajasthan Royals,wickets,7.0,Rajasthan Royals,field,BA Stokes
1216538,,2020-10-04,Sharjah Cricket Stadium,Mumbai Indians,Sunrisers Hyderabad,Mumbai Indians,runs,34.0,Mumbai Indians,bat,TA Boult
1216539,,2020-09-25,Dubai International Cricket Stadium,Delhi Capitals,Chennai Super Kings,Delhi Capitals,runs,44.0,Chennai Super Kings,field,PP Shaw
1216540,,2020-10-12,Sharjah Cricket Stadium,Royal Challengers Bangalore,Kolkata Knight Riders,Royal Challengers Bangalore,runs,82.0,Royal Challengers Bangalore,bat,AB de Villiers
1216541,,2020-10-25,Sheikh Zayed Stadium,Mumbai Indians,Rajasthan Royals,Rajasthan Royals,wickets,8.0,Mumbai Indians,bat,BA Stokes
1216542,,2020-10-08,Dubai International Cricket Stadium,Sunrisers Hyderabad,Kings XI Punjab,Sunrisers Hyderabad,runs,69.0,Sunrisers Hyderabad,bat,JM Bairstow
1216543,,2020-10-14,Dubai International Cricket Stadium,Delhi Capitals,Rajasthan Royals,Delhi Capitals,runs,13.0,Delhi Capitals,bat,A Nortje
1216544,,2020-10-25,Dubai International Cricket Stadium,Royal Challengers Bangalore,Chennai Super Kings,Chennai Super Kings,wickets,8.0,Royal Challengers Bangalore,bat,RD Gaikwad
1216545,,2020-09-26,Sheikh Zayed Stadium,Sunrisers Hyderabad,Kolkata Knight Riders,Kolkata Knight Riders,wickets,7.0,Sunrisers Hyderabad,bat,Shubman Gill
1216546,,2020-10-20,Dubai International Cricket Stadium,Delhi Capitals,Kings XI Punjab,Kings XI Punjab,wickets,5.0,Delhi Capitals,bat,S Dhawan
1216547,,2020-09-28,Dubai International Cricket Stadium,Royal Challengers Bangalore,Mumbai Indians,,,,Mumbai Indians,field,AB de Villiers
1237177,,2020-11-05,Dubai International Cricket Stadium,Mumbai Indians,Delhi Capitals,Mumbai Indians,runs,57.0,Delhi Capitals,field,JJ Bumrah
1237178,,2020-11-06,Sheikh Zayed Stadium,Royal Challengers Bangalore,Sunrisers Hyderabad,Sunrisers Hyderabad,wickets,6.0,Sunrisers Hyderabad,field,KS Williamson
1237180,,2020-11-08,Sheikh Zayed Stadium,Delhi Capitals,Sunrisers Hyderabad,Delhi Capitals,runs,17.0,Delhi Capitals,bat,MP Stoinis
1237181,,2020-11-10,Dubai International Cricket Stadium,Delhi Capitals,Mumbai Indians,Mumbai Indians,wickets,5.0,Delhi Capitals,bat,TA Boult
1254058,2021,2021-04-09,"MA Chidambaram Stadium, Chepauk, Chennai",Mumbai Indians,Royal Challengers Bangalore,Royal Challengers Bangalore,wickets,2.0,Royal Challengers Bangalore,field,HV Patel
1254059,2021,2021-04-10,"Wankhede Stadium, Mumbai",Chennai Super Kings,Delhi Capitals,Delhi Capitals,wickets,7.0,Delhi Capitals,field,S Dhawan
1254060,2021,2021-04-11,"MA Chidambaram Stadium, Chepauk, Chennai",Kolkata Knight Riders,Sunrisers Hyderabad,Kolkata Knight Riders,runs,10.0,Sunrisers Hyderabad,field,N Rana
1254061,2021,2021-04-12,"Wankhede Stadium, Mumbai",Punjab Kings,Rajasthan Royals,Punjab Kings,runs,4.0,Rajasthan Royals,field,SV Samson
1254062,2021,2021-04-13,"MA Chidambaram Stadium, Chepauk, Chennai",Mumbai Indians,Kolkata Knight Riders,Mumbai Indians,runs,10.0,Kolkata Knight Riders,field,RD Chahar
1254063,2021,2021-04-14,"MA Chidambaram Stadium, Chepauk, Chennai",Royal Challengers Bangalore,Sunrisers Hyderabad,Royal Challengers Bangalore,runs,6.0,Sunrisers Hyderabad,field,GJ Maxwell
1254064,2021,2021-04-15,"Wankhede Stadium, Mumbai",Delhi Capitals,Rajasthan Royals,Rajasthan Royals,wickets,3.0,Rajasthan Royals,field,JD Unadkat
1254065,2021,2021-04-16,"Wankhede Stadium, Mumbai",Punjab Kings,Chennai Super Kings,Chennai Super Kings,wickets,6.0,Chennai Super Kings,field,DL Chahar
1254066,2021,2021-04-17,"MA Chidambaram Stadium, Chepauk, Chennai",Mumbai Indians,Sunrisers Hyderabad,Mumbai Indians,runs,13.0,Mumbai Indians,bat,KA Pollard
1254067,2021,2021-04-18,"MA Chidambaram Stadium, Chepauk, Chennai",Royal Challengers Bangalore,Kolkata Knight Riders,Royal Challengers Bangalore,runs,38.0,Royal Challengers Bangalore,bat,AB de Villiers
1254068,2021,2021-04-18,"Wankhede Stadium, Mumbai",Punjab Kings,Delhi Capitals,Delhi Capitals,wickets,6.0,Delhi Capitals,field,S Dhawan
1254069,2021,2021-04-19,"Wankhede Stadium, Mumbai",Chennai Super Kings,Rajasthan Royals,Chennai Super Kings,runs,45.0,Rajasthan Royals,field,MM Ali
1254070,2021,2021-04-20,"MA Chidambaram Stadium, Chepauk, Chennai",Mumbai Indians,Delhi Capitals,Delhi Capitals,wickets,6.0,Mumbai Indians,bat,A Mishra
1254071,2021,2021-04-21,"MA Chidambaram Stadium, Chepauk, Chennai",Punjab Kings,Sunrisers Hyderabad,Sunrisers Hyderabad,wickets,9.0,Punjab Kings,bat,JM Bairstow
1254072,2021,2021-04-21,"Wankhede Stadium, Mumbai",Chennai Super Kings,Kolkata Knight Riders,Chennai Super Kings,runs,18.0,Kolkata Knight Riders,field,F du Plessis
1254073,2021,2021-04-22,"Wankhede Stadium, Mumbai",Rajasthan Royals,Royal Challengers Bangalore,Royal Challengers Bangalore,wickets,10.0,Royal Challengers Bangalore,field,D Padikkal
1254074,2021,2021-04-23,"MA Chidambaram Stadium, Chepauk, Chennai",Mumbai Indians,Punjab Kings,Punjab Kings,wickets,9.0,Punjab Kings,field,KL Rahul
1254075,2021,2021-04-24,"Wankhede Stadium, Mumbai",Kolkata Knight Riders,Rajasthan Royals,Rajasthan Royals,wickets,6.0,Rajasthan Royals,field,CH Morris
1254076,2021,2021-04-25,"Wankhede Stadium, Mumbai",Chennai Super Kings,Royal Challengers Bangalore,Chennai Super Kings,runs,69.0,Chennai Super Kings,bat,RA Jadeja
1254077,2021,2021-04-25,"MA Chidambaram Stadium, Chepauk, Chennai",Delhi Capitals,Sunrisers Hyderabad,,,,Delhi Capitals,bat,PP Shaw
1254078,2021,2021-04-26,"Narendra Modi Stadium, Ahmedabad",Punjab Kings,Kolkata Knight Riders,Kolkata Knight Riders,wickets,5.0,Kolkata Knight Riders,field,EJG Morgan
1254079,2021,2021-04-27,"Narendra Modi Stadium, Ahmedabad",Royal Challengers Bangalore,Delhi Capitals,Royal Challengers Bangalore,runs,1.0,Delhi Capitals,field,AB de Villiers
1254080,2021,2021-04-28,"Arun Jaitley Stadium, Delhi",Sunrisers Hyderabad,Chennai Super Kings,Chennai Super Kings,wickets,7.0,Sunrisers Hyderabad,bat,RD Gaikwad
1254081,2021,2021-04-29,"Arun Jaitley Stadium, Delhi",Rajasthan Royals,Mumbai Indians,Mumbai Indians,wickets,7.0,Mumbai Indians,field,Q de Kock
1254082,2021,2021-04-29,"Narendra Modi Stadium, Ahmedabad",Kolkata Knight Riders,Delhi Capitals,Delhi Capitals,wickets,7.0,Delhi Capitals,field,PP Shaw
1254083,2021,2021-04-30,"Narendra Modi Stadium, Ahmedabad",Punjab Kings,Royal Challengers Bangalore,Punjab Kings,runs,34.0,Royal Challengers Bangalore,field,Harpreet Brar
1254084,2021,2021-05-01,"Arun Jaitley Stadium, Delhi",Chennai Super Kings,Mumbai Indians,Mumbai Indians,wickets,4.0,Mumbai Indians,field,KA Pollard
1254085,2021,2021-05-02,"Arun Jaitley Stadium, Delhi",Rajasthan Royals,Sunrisers Hyderabad,Rajasthan Royals,runs,55.0,Sunrisers Hyderabad,field,JC Buttler
1254086,2021,2021-05-02,"Narendra Modi Stadium, Ahmedabad",Punjab Kings,Delhi Capitals,Delhi Capitals,wickets,7.0,Delhi Capitals,field,MA Agarwal
1254087,2021,2021-09-20,"Zayed Cricket Stadium, Abu Dhabi",Royal Challengers Bangalore,Kolkata Knight Riders,Kolkata Knight Riders,wickets,9.0,Royal Challengers Bangalore,bat,CV Varun
1254088,2021,2021-10-08,"Zayed Cricket Stadium, Abu Dhabi",Mumbai Indians,Sunrisers Hyderabad,Mumbai Indians,runs,42.0,Mumbai Indians,bat,Ishan Kishan
1254089,2021,2021-10-02,"Zayed Cricket Stadium, Abu Dhabi",Chennai Super Kings,Rajasthan Royals,Rajasthan Royals,wickets,7.0,Rajasthan Royals,field,RD Gaikwad
1254090,2021,2021-10-03,Sharjah Cricket Stadium,Royal Challengers Bangalore,Punjab Kings,Royal Challengers Bangalore,runs,6.0,Royal Challengers Bangalore,bat,GJ Maxwell
1254091,2021,2021-09-30,Sharjah Cricket Stadium,Sunrisers Hyderabad,Chennai Super Kings,Chennai Super Kings,wickets,6.0,Chennai Super Kings,field,JR Hazlewood
1254092,2021,2021-09-28,Sharjah Cricket Stadium,Delhi Capitals,Kolkata Knight Riders,Kolkata Knight Riders,wickets,3.0,Kolkata Knight Riders,field,SP Narine
1254093,2021,2021-10-05,Sharjah Cricket Stadium,Rajasthan Royals,Mumbai Indians,Mumbai Indians,wickets,8.0,Mumbai Indians,field,NM Coulter-Nile
1254094,2021,2021-10-07,Dubai International Cricket Stadium,Chennai Super Kings,Punjab Kings,Punjab Kings,wickets,6.0,Punjab Kings,field,KL Rahul
1254095,2021,2021-10-06,"Zayed Cricket Stadium, Abu Dhabi",Sunrisers Hyderabad,Royal Challengers Bangalore,Sunrisers Hyderabad,runs,4.0,Royal Challengers Bangalore,field,KS Williamson
1254096,2021,2021-09-23,"Zayed Cricket Stadium, Abu Dhabi",Mumbai Indians,Kolkata Knight Riders,Kolkata Knight Riders,wickets,7.0,Kolkata Knight Riders,field,SP Narine
1254097,2021,2021-09-25,"Zayed Cricket Stadium, Abu Dhabi",Delhi Capitals,Rajasthan Royals,Delhi Capitals,runs,33.0,Rajasthan Royals,field,SS Iyer
1254098,2021,2021-09-26,"Zayed Cricket Stadium, Abu Dhabi",Kolkata Knight Riders,Chennai Super Kings,Chennai Super Kings,wickets,2.0,Kolkata Knight Riders,bat,RA Jadeja
1254099,2021,2021-09-28,"Zayed Cricket Stadium, Abu Dhabi",Punjab Kings,Mumbai Indians,Mumbai Indians,wickets,6.0,Mumbai Indians,field,KA Pollard
1254100,2021,2021-09-27,Dubai International Cricket Stadium,Rajasthan Royals,Sunrisers Hyderabad,Sunrisers Hyderabad,wickets,7.0,Rajasthan Royals,bat,JJ Roy
1254101,2021,2021-10-08,Dubai International Cricket Stadium,Delhi Capitals,Royal Challengers Bangalore,Royal Challengers Bangalore,wickets,7.0,Royal Challengers Bangalore,field,KS Bharat
1254102,2021,2021-10-01,Dubai International Cricket Stadium,Kolkata Knight Riders,Punjab Kings,Punjab Kings,wickets,5.0,Punjab Kings,field,KL Rahul
1254103,2021,2021-09-29,Dubai International Cricket Stadium,Rajasthan Royals,Royal Challengers Bangalore,Royal Challengers Bangalore,wickets,7.0,Royal Challengers Bangalore,field,YS Chahal
1254104,2021,2021-09-19,Dubai International Cricket Stadium,Chennai Super Kings,Mumbai Indians,Chennai Super Kings,runs,20.0,Chennai Super Kings,bat,RD Gaikwad
1254105,2021,2021-09-22,Dubai International Cricket Stadium,Sunrisers Hyderabad,Delhi Capitals,Delhi Capitals,wickets,8.0,Sunrisers Hyderabad,bat,A Nortje
1254106,2021,2021-10-07,Sharjah Cricket Stadium,Kolkata Knight Riders,Rajasthan Royals,Kolkata Knight Riders,runs,86.0,Rajasthan Royals,field,Shivam Mavi
1254107,2021,2021-09-25,Sharjah Cricket Stadium,Punjab Kings,Sunrisers Hyderabad,Punjab Kings,runs,5.0,Sunrisers Hyderabad,field,JO Holder
1254108,2021,2021-09-26,Dubai International Cricket Stadium,Royal Challengers Bangalore,Mumbai Indians,Royal Challengers Bangalore,runs,54.0,Mumbai Indians,field,GJ Maxwell
1254109,2021,2021-10-03,Dubai International Cricket Stadium,Sunrisers Hyderabad,Kolkata Knight Riders,Kolkata Knight Riders,wickets,6.0,Sunrisers Hyderabad,bat,Shubman Gill
1254110,2021,2021-10-04,Dubai International Cricket Stadium,Chennai Super Kings,Delhi Capitals,Delhi Capitals,wickets,3.0,Delhi Capitals,field,AR Patel
1254111,2021,2021-09-21,Dubai International Cricket Stadium,Rajasthan Royals,Punjab Kings,Rajasthan Royals,runs,2.0,Punjab Kings,field,Kartik Tyagi
1254112,2021,2021-10-02,Sharjah Cricket Stadium,Mumbai Indians,Delhi Capitals,Delhi Capitals,wickets,4.0,Delhi Capitals,field,AR Patel
1254113,2021,2021-09-24,Sharjah Cricket Stadium,Royal Challengers Bangalore,Chennai Super Kings,Chennai Super Kings,wickets,6.0,Chennai Super Kings,field,DJ Bravo
1254114,2021,2021-10-10,Dubai International Cricket Stadium,Delhi Capitals,Chennai Super Kings,Chennai Super Kings,wickets,4.0,Chennai Super Kings,field,RD Gaikwad
1254115,2021,2021-10-11,Sharjah Cricket Stadium,Royal Challengers Bangalore,Kolkata Knight Riders,Kolkata Knight Riders,wickets,4.0,Royal Challengers Bangalore,bat,SP Narine
1254116,2021,2021-10-13,Sharjah Cricket Stadium,Delhi Capitals,Kolkata Knight Riders,Kolkata Knight Riders,wickets,3.0,Kolkata Knight Riders,field,VR Iyer
1254117,2021,2021-10-15,Dubai International Cricket Stadium,Chennai Super Kings,Kolkata Knight Riders,Chennai Super Kings,runs,27.0,Kolkata Knight Riders,field,F du Plessis
1304047,2022,2022-03-26,"Wankhede Stadium, Mumbai",Chennai Super Kings,Kolkata Knight Riders,Kolkata Knight Riders,wickets,6.0,Kolkata Knight Riders,field,UT Yadav
1304048,2022,2022-03-27,"Brabourne Stadium, Mumbai",Mumbai Indians,Delhi Capitals,Delhi Capitals,wickets,4.0,Delhi Capitals,field,Kuldeep Yadav
1304049,2022,2022-03-27,"Dr DY Patil Sports Academy, Mumbai",Royal Challengers Bangalore,Punjab Kings,Punjab Kings,wickets,5.0,Punjab Kings,field,OF Smith
1304050,2022,2022-03-28,"Wankhede Stadium, Mumbai",Lucknow Super Giants,Gujarat Titans,Gujarat Titans,wickets,5.0,Gujarat Titans,field,Mohammed Shami
1304051,2022,2022-03-29,"Maharashtra Cricket Association Stadium, Pune",Rajasthan Royals,Sunrisers Hyderabad,Rajasthan Royals,runs,61.0,Sunrisers Hyderabad,field,SV Samson
1304052,2022,2022-03-30,"Dr DY Patil Sports Academy, Mumbai",Kolkata Knight Riders,Royal Challengers Bangalore,Royal Challengers Bangalore,wickets,3.0,Royal Challengers Bangalore,field,PWH de Silva
1304053,2022,2022-03-31,"Brabourne Stadium, Mumbai",Chennai Super Kings,Lucknow Super Giants,Lucknow Super Giants,wickets,6.0,Lucknow Super Giants,field,E Lewis
1304054,2022,2022-04-01,"Wankhede Stadium, Mumbai",Punjab Kings,Kolkata Knight Riders,Kolkata Knight Riders,wickets,6.0,Kolkata Knight Riders,field,UT Yadav
1304055,2022,2022-04-02,"Dr DY Patil Sports Academy, Mumbai",Rajasthan Royals,Mumbai Indians,Rajasthan Royals,runs,23.0,Mumbai Indians,field,JC Buttler
1304056,2022,2022-04-02,"Maharashtra Cricket Association Stadium, Pune",Gujarat Titans,Delhi Capitals,Gujarat Titans,runs,14.0,Delhi Capitals,field,LH Ferguson
1304057,2022,2022-04-03,"Brabourne Stadium, Mumbai",Punjab Kings,Chennai Super Kings,Punjab Kings,runs,54.0,Chennai Super Kings,field,LS Livingstone
1304058,2022,2022-04-04,"Dr DY Patil Sports Academy, Mumbai",Lucknow Super Giants,Sunrisers Hyderabad,Lucknow Super Giants,runs,12.0,Sunrisers Hyderabad,field,Avesh Khan
1304059,2022,2022-04-05,"Wankhede Stadium, Mumbai",Rajasthan Royals,Royal Challengers Bangalore,Royal Challengers Bangalore,wickets,4.0,Royal Challengers Bangalore,field,KD Karthik
1304060,2022,2022-04-06,"Maharashtra Cricket Association Stadium, Pune",Mumbai Indians,Kolkata Knight Riders,Kolkata Knight Riders,wickets,5.0,Kolkata Knight Riders,field,PJ Cummins
1304061,2022,2022-04-07,"Dr DY Patil Sports Academy, Mumbai",Delhi Capitals,Lucknow Super Giants,Lucknow Super Giants,wickets,6.0,Lucknow Super Giants,field,Q de Kock
1304062,2022,2022-04-08,"Brabourne Stadium, Mumbai",Punjab Kings,Gujarat Titans,Gujarat Titans,wickets,6.0,Gujarat Titans,field,Shubman Gill
1304063,2022,2022-04-09,"Dr DY Patil Sports Academy, Mumbai",Chennai Super Kings,Sunrisers Hyderabad,Sunrisers Hyderabad,wickets,8.0,Sunrisers Hyderabad,field,Abhishek Sharma
1304064,2022,2022-04-09,"Maharashtra Cricket Association Stadium, Pune",Mumbai Indians,Royal Challengers Bangalore,Royal Challengers Bangalore,wickets,7.0,Royal Challengers Bangalore,field,Anuj Rawat
1304065,2022,2022-04-10,"Brabourne Stadium, Mumbai",Delhi Capitals,Kolkata Knight Riders,Delhi Capitals,runs,44.0,Kolkata Knight Riders,field,Kuldeep Yadav
1304066,2022,2022-04-10,"Wankhede Stadium, Mumbai",Rajasthan Royals,Lucknow Super Giants,Rajasthan Royals,runs,3.0,Lucknow Super Giants,field,YS Chahal
1304067,2022,2022-04-11,"Dr DY Patil Sports Academy, Mumbai",Gujarat Titans,Sunrisers Hyderabad,Sunrisers Hyderabad,wickets,8.0,Sunrisers Hyderabad,field,KS Williamson
1304068,2022,2022-04-12,"Dr DY Patil Sports Academy, Mumbai",Chennai Super Kings,Royal Challengers Bangalore,Chennai Super Kings,runs,23.0,Royal Challengers Bangalore,field,S Dube
1304069,2022,2022-04-13,"Maharashtra Cricket Association Stadium, Pune",Punjab Kings,Mumbai Indians,Punjab Kings,runs,12.0,Mumbai Indians,field,MA Agarwal
1304070,2022,2022-04-14,"Dr DY Patil Sports Academy, Mumbai",Gujarat Titans,Rajasthan Royals,Gujarat Titans,runs,37.0,Rajasthan Royals,field,HH Pandya
1304071,2022,2022-04-15,"Brabourne Stadium, Mumbai",Kolkata Knight Riders,Sunrisers Hyderabad,Sunrisers Hyderabad,wickets,7.0,Sunrisers Hyderabad,field,RA Tripathi
1304072,2022,2022-04-16,"Brabourne Stadium, Mumbai",Lucknow Super Giants,Mumbai Indians,Lucknow Super Giants,runs,18.0,Mumbai Indians,field,KL Rahul
1304073,2022,2022-04-16,"Wankhede Stadium, Mumbai",Royal Challengers Bangalore,Delhi Capitals,Royal Challengers Bangalore,runs,16.0,Delhi Capitals,field,KD Karthik
1304074,2022,2022-04-17,"Dr DY Patil Sports Academy, Mumbai",Punjab Kings,Sunrisers Hyderabad,Sunrisers Hyderabad,wickets,7.0,Sunrisers Hyderabad,field,Umran Malik
1304075,2022,2022-04-17,"Maharashtra Cricket Association Stadium, Pune",Chennai Super Kings,Gujarat Titans,Gujarat Titans,wickets,3.0,Gujarat Titans,field,DA Miller
1304076,2022,2022-04-18,"Brabourne Stadium, Mumbai",Rajasthan Royals,Kolkata Knight Riders,Rajasthan Royals,runs,7.0,Kolkata Knight Riders,field,YS Chahal
1304077,2022,2022-04-19,"Dr DY Patil Sports Academy, Mumbai",Royal Challengers Bangalore,Lucknow Super Giants,Royal Challengers Bangalore,runs,18.0,Lucknow Super Giants,field,F du Plessis
1304078,2022,2022-04-20,"Brabourne Stadium, Mumbai",Punjab Kings,Delhi Capitals,Delhi Capitals,wickets,9.0,Delhi Capitals,field,Kuldeep Yadav
1304079,2022,2022-04-21,"Dr DY Patil Sports Academy, Mumbai",Mumbai Indians,Chennai Super Kings,Chennai Super Kings,wickets,3.0,Chennai Super Kings,field,Mukesh Choudhary
1304080,2022,2022-04-22,"Wankhede Stadium, Mumbai",Rajasthan Royals,Delhi Capitals,Rajasthan Royals,runs,15.0,Delhi Capitals,field,JC Buttler
1304081,2022,2022-04-23,"Dr DY Patil Sports Academy, Mumbai",Gujarat Titans,Kolkata Knight Riders,Gujarat Titans,runs,8.0,Gujarat Titans,bat,Rashid Khan
1304082,2022,2022-04-23,"Brabourne Stadium, Mumbai",Royal Challengers Bangalore,Sunrisers Hyderabad,Sunrisers Hyderabad,wickets,9.0,Sunrisers Hyderabad,field,M Jansen
1304083,2022,2022-04-24,"Wankhede Stadium, Mumbai",Lucknow Super Giants,Mumbai Indians,Lucknow Super Giants,runs,36.0,Mumbai Indians,field,KL Rahul
1304084,2022,2022-04-25,"Wankhede Stadium, Mumbai",Punjab Kings,Chennai Super Kings,Punjab Kings,runs,11.0,Chennai Super Kings,field,S Dhawan
1304085,2022,2022-04-26,"Maharashtra Cricket Association Stadium, Pune",Rajasthan Royals,Royal Challengers Bangalore,Rajasthan Royals,runs,29.0,Royal Challengers Bangalore,field,R Parag
1304086,2022,2022-04-27,"Wankhede Stadium, Mumbai",Sunrisers Hyderabad,Gujarat Titans,Gujarat Titans,wickets,5.0,Gujarat Titans,field,Umran Malik
1304087,2022,2022-04-28,"Wankhede Stadium, Mumbai",Kolkata Knight Riders,Delhi Capitals,Delhi Capitals,wickets,4.0,Delhi Capitals,field,Kuldeep Yadav
1304088,2022,2022-04-29,"Maharashtra Cricket Association Stadium, Pune",Lucknow Super Giants,Punjab Kings,Lucknow Super Giants,runs,20.0,Punjab Kings,field,KH Pandya
1304089,2022,2022-04-30,"Brabourne Stadium, Mumbai",Royal Challengers Bangalore,Gujarat Titans,Gujarat Titans,wickets,6.0,Royal Challengers Bangalore,bat,R Tewatia
1304090,2022,2022-04-30,"Dr DY Patil Sports Academy, Mumbai",Rajasthan Royals,Mumbai Indians,Mumbai Indians,wickets,5.0,Mumbai Indians,field,SA Yadav
1304091,2022,2022-05-01,"Wankhede Stadium, Mumbai",Lucknow Super Giants,Delhi Capitals,Lucknow Super Giants,runs,6.0,Lucknow Super Giants,bat,Mohsin Khan
1304092,2022,2022-05-01,"Maharashtra Cricket Association Stadium, Pune",Chennai Super Kings,Sunrisers Hyderabad,Chennai Super Kings,runs,13.0,Sunrisers Hyderabad,field,RD Gaikwad
1304093,2022,2022-05-02,"Wankhede Stadium, Mumbai",Rajasthan Royals,Kolkata Knight Riders,Kolkata Knight Riders,wickets,7.0,Kolkata Knight Riders,field,RK Singh
1304094,2022,2022-05-03,"Dr DY Patil Sports Academy, Mumbai",Gujarat Titans,Punjab Kings,Punjab Kings,wickets,8.0,Gujarat Titans,bat,K Rabada
1304095,2022,2022-05-04,"Maharashtra Cricket Association Stadium, Pune",Royal Challengers Bangalore,Chennai Super Kings,Royal Challengers Bangalore,runs,13.0,Chennai Super Kings,field,HV Patel
1304096,2022,2022-05-05,"Brabourne Stadium, Mumbai",Delhi Capitals,Sunrisers Hyderabad,Delhi Capitals,runs,21.0,Sunrisers Hyderabad,field,DA Warner
1304097,2022,2022-05-06,"Brabourne Stadium, Mumbai",Mumbai Indians,Gujarat Titans,Mumbai Indians,runs,5.0,Gujarat Titans,field,TH David
1304098,2022,2022-05-07,"Wankhede Stadium, Mumbai",Punjab Kings,Rajasthan Royals,Rajasthan Royals,wickets,6.0,Punjab Kings,bat,YBK Jaiswal
1304099,2022,2022-05-07,"Maharashtra Cricket Association Stadium, Pune",Lucknow Super Giants,Kolkata Knight Riders,Lucknow Super Giants,runs,75.0,Kolkata Knight Riders,field,Avesh Khan
1304100,2022,2022-05-08,"Wankhede Stadium, Mumbai",Royal Challengers Bangalore,Sunrisers Hyderabad,Royal Challengers Bangalore,runs,67.0,Royal Challengers Bangalore,bat,PWH de Silva
1304101,2022,2022-05-08,"Dr DY Patil Sports Academy, Mumbai",Chennai Super Kings,Delhi Capitals,Chennai Super Kings,runs,91.0,Delhi Capitals,field,DP Conway
1304102,2022,2022-05-09,"Dr DY Patil Sports Academy, Mumbai",Kolkata Knight Riders,Mumbai Indians,Kolkata Knight Riders,runs,52.0,Mumbai Indians,field,JJ Bumrah
1304103,2022,2022-05-10,"Maharashtra Cricket Association Stadium, Pune",Gujarat Titans,Lucknow Super Giants,Gujarat Titans,runs,62.0,Gujarat Titans,bat,Shubman Gill
1304104,2022,2022-05-11,"Dr DY Patil Sports Academy, Mumbai",Rajasthan Royals,Delhi Capitals,Delhi Capitals,wickets,8.0,Delhi Capitals,field,MR Marsh
1304105,2022,2022-05-12,"Wankhede Stadium, Mumbai",Chennai Super Kings,Mumbai Indians,Mumbai Indians,wickets,5.0,Mumbai Indians,field,DR Sams
1304106,2022,2022-05-13,"Brabourne Stadium, Mumbai",Punjab Kings,Royal Challengers Bangalore,Punjab Kings,runs,54.0,Royal Challengers Bangalore,field,JM Bairstow
1304107,2022,2022-05-14,"Maharashtra Cricket Association Stadium, Pune",Kolkata Knight Riders,Sunrisers Hyderabad,Kolkata Knight Riders,runs,54.0,Kolkata Knight Riders,bat,AD Russell
1304108,2022,2022-05-15,"Wankhede Stadium, Mumbai",Chennai Super Kings,Gujarat Titans,Gujarat Titans,wickets,7.0,Chennai Super Kings,bat,WP Saha
1304109,2022,2022-05-15,"Brabourne Stadium, Mumbai",Rajasthan Royals,Lucknow Super Giants,Rajasthan Royals,runs,24.0,Rajasthan Royals,bat,TA Boult
1304110,2022,2022-05-16,"Dr DY Patil Sports Academy, Mumbai",Delhi Capitals,Punjab Kings,Delhi Capitals,runs,17.0,Punjab Kings,field,SN Thakur
1304111,2022,2022-05-17,"Wankhede Stadium, Mumbai",Sunrisers Hyderabad,Mumbai Indians,Sunrisers Hyderabad,runs,3.0,Mumbai Indians,field,RA Tripathi
1304112,2022,2022-05-18,"Dr DY Patil Sports Academy, Mumbai",Lucknow Super Giants,Kolkata Knight Riders,Lucknow Super Giants,runs,2.0,Lucknow Super Giants,bat,Q de Kock
1304113,2022,2022-05-19,"Wankhede Stadium, Mumbai",Gujarat Titans,Royal Challengers Bangalore,Royal Challengers Bangalore,wickets,8.0,Gujarat Titans,bat,V Kohli
1304114,2022,2022-05-20,"Brabourne Stadium, Mumbai",Chennai Super Kings,Rajasthan Royals,Rajasthan Royals,wickets,5.0,Chennai Super Kings,bat,R Ashwin
1304115,2022,2022-05-21,"Wankhede Stadium, Mumbai",Delhi Capitals,Mumbai Indians,Mumbai Indians,wickets,5.0,Mumbai Indians,field,JJ Bumrah
1304116,2022,2022-05-22,"Wankhede Stadium, Mumbai",Sunrisers Hyderabad,Punjab Kings,Punjab Kings,wickets,5.0,Sunrisers Hyderabad,bat,Harpreet Brar
1312197,2022,2022-05-24,"Eden Gardens, Kolkata",Rajasthan Royals,Gujarat Titans,Gujarat Titans,wickets,7.0,Gujarat Titans,field,DA Miller
1312198,2022,2022-05-25,"Eden Gardens, Kolkata",Royal Challengers Bangalore,Lucknow Super Giants,Royal Challengers Bangalore,runs,14.0,Lucknow Super Giants,field,RM Patidar
1312199,2022,2022-05-27,"Narendra Modi Stadium, Ahmedabad",Royal Challengers Bangalore,Rajasthan Royals,Rajasthan Royals,wickets,7.0,Rajasthan Royals,field,JC Buttler
1312200,2022,2022-05-29,"Narendra Modi Stadium, Ahmedabad",Rajasthan Royals,Gujarat Titans,Gujarat Titans,wickets,7.0,Rajasthan Royals,bat,HH Pandya
1359475,2023,2023-03-31,"Narendra Modi Stadium, Ahmedabad",Chennai Super Kings,Gujarat Titans,Gujarat Titans,wickets,5.0,Gujarat Titans,field,Rashid Khan
1359476,2023,2023-04-01,"Punjab Cricket Association IS Bindra Stadium, Mohali, Chandigarh",Punjab Kings,Kolkata Knight Riders,Punjab Kings,runs,7.0,Kolkata Knight Riders,field,Arshdeep Singh
1359477,2023,2023-04-01,"Bharat Ratna Shri Atal Bihari Vajpayee Ekana Cricket Stadium, Lucknow",Lucknow Super Giants,Delhi Capitals,Lucknow Super Giants,runs,50.0,Delhi Capitals,field,MA Wood
1359478,2023,2023-04-02,"Rajiv Gandhi International Stadium, Uppal, Hyderabad",Rajasthan Royals,Sunrisers Hyderabad,Rajasthan Royals,runs,72.0,Sunrisers Hyderabad,field,JC Buttler
1359479,2023,2023-04-02,"M Chinnaswamy Stadium, Bengaluru",Mumbai Indians,Royal Challengers Bangalore,Royal Challengers Bangalore,wickets,8.0,Royal Challengers Bangalore,field,F du Plessis
1359480,2023,2023-04-03,"MA Chidambaram Stadium, Chepauk, Chennai",Chennai Super Kings,Lucknow Super Giants,Chennai Super Kings,runs,12.0,Lucknow Super Giants,field,MM Ali
1359481,2023,2023-04-04,"Arun Jaitley Stadium, Delhi",Delhi Capitals,Gujarat Titans,Gujarat Titans,wickets,6.0,Gujarat Titans,field,B Sai Sudharsan
1359482,2023,2023-04-05,"Barsapara Cricket Stadium, Guwahati",Punjab Kings,Rajasthan Royals,Punjab Kings,runs,5.0,Rajasthan Royals,field,NT Ellis
1359483,2023,2023-04-06,"Eden Gardens, Kolkata",Kolkata Knight Riders,Royal Challengers Bangalore,Kolkata Knight Riders,runs,81.0,Royal Challengers Bangalore,field,SN Thakur
1359484,2023,2023-04-07,"Bharat Ratna Shri Atal Bihari Vajpayee Ekana Cricket Stadium, Lucknow",Sunrisers Hyderabad,Lucknow Super Giants,Lucknow Super Giants,wickets,5.0,Sunrisers Hyderabad,bat,KH Pandya
1359485,2023,2023-04-08,"Barsapara Cricket Stadium, Guwahati",Rajasthan Royals,Delhi Capitals,Rajasthan Royals,runs,57.0,Delhi Capitals,field,YBK Jaiswal
1359486,2023,2023-04-08,"Wankhede Stadium, Mumbai",Mumbai Indians,Chennai Super Kings,Chennai Super Kings,wickets,7.0,Chennai Super Kings,field,RA Jadeja
1359487,2023,2023-04-09,"Narendra Modi Stadium, Ahmedabad",Gujarat Titans,Kolkata Knight Riders,Kolkata Knight Riders,wickets,3.0,Gujarat Titans,bat,RK Singh
1359488,2023,2023-04-09,"Rajiv Gandhi International Stadium, Uppal, Hyderabad",Punjab Kings,Sunrisers Hyderabad,Sunrisers Hyderabad,wickets,8.0,Sunrisers Hyderabad,field,S Dhawan
1359489,2023,2023-04-10,"M Chinnaswamy Stadium, Bengaluru",Royal Challengers Bangalore,Lucknow Super Giants,Lucknow Super Giants,wickets,1.0,Lucknow Super Giants,field,N Pooran
1359490,2023,2023-04-11,"Arun Jaitley Stadium, Delhi",Delhi Capitals,Mumbai Indians,Mumbai Indians,wickets,6.0,Mumbai Indians,field,RG Sharma
1359491,2023,2023-04-12,"MA Chidambaram Stadium, Chepauk, Chennai",Rajasthan Royals,Chennai Super Kings,Rajasthan Royals,runs,3.0,Chennai Super Kings,field,R Ashwin
1359492,2023,2023-04-13,"Punjab Cricket Association IS Bindra Stadium, Mohali, Chandigarh",Punjab Kings,Gujarat Titans,Gujarat Titans,wickets,6.0,Gujarat Titans,field,MM Sharma
1359493,2023,2023-04-14,"Eden Gardens, Kolkata",Sunrisers Hyderabad,Kolkata Knight Riders,Sunrisers Hyderabad,runs,23.0,Kolkata Knight Riders,field,HC Brook
1359494,2023,2023-04-15,"M Chinnaswamy Stadium, Bengaluru",Royal Challengers Bangalore,Delhi Capitals,Royal Challengers Bangalore,runs,23.0,Delhi Capitals,field,V Kohli
1359495,2023,2023-04-15,"Bharat Ratna Shri Atal Bihari Vajpayee Ekana Cricket Stadium, Lucknow",Lucknow Super Giants,Punjab Kings,Punjab Kings,wickets,2.0,Punjab Kings,field,Sikandar Raza
1359496,2023,2023-04-16,"Wankhede Stadium, Mumbai",Kolkata Knight Riders,Mumbai Indians,Mumbai Indians,wickets,5.0,Mumbai Indians,field,VR Iyer
1359497,2023,2023-04-16,"Narendra Modi Stadium, Ahmedabad",Gujarat Titans,Rajasthan Royals,Rajasthan Royals,wickets,3.0,Rajasthan Royals,field,SO Hetmyer
1359498,2023,2023-04-17,"M Chinnaswamy Stadium, Bengaluru",Chennai Super Kings,Royal Challengers Bangalore,Chennai Super Kings,runs,8.0,Royal Challengers Bangalore,field,DP Conway
1359499,2023,2023-04-18,"Rajiv Gandhi International Stadium, Uppal, Hyderabad",Mumbai Indians,Sunrisers Hyderabad,Mumbai Indians,runs,14.0,Sunrisers Hyderabad,field,C Green
1359500,2023,2023-04-19,"Sawai Mansingh Stadium, Jaipur",Lucknow Super Giants,Rajasthan Royals,Lucknow Super Giants,runs,10.0,Rajasthan Royals,field,MP Stoinis
1359501,2023,2023-04-20,"Punjab Cricket Association IS Bindra Stadium, Mohali, Chandigarh",Royal Challengers Bangalore,Punjab Kings,Royal Challengers Bangalore,runs,24.0,Punjab Kings,field,Mohammed Siraj
1359502,2023,2023-04-20,"Arun Jaitley Stadium, Delhi",Kolkata Knight Riders,Delhi Capitals,Delhi Capitals,wickets,4.0,Delhi Capitals,field,I Sharma
1359503,2023,2023-04-21,"MA Chidambaram Stadium, Chepauk, Chennai",Sunrisers Hyderabad,Chennai Super Kings,Chennai Super Kings,wickets,7.0,Chennai Super Kings,field,RA Jadeja
1359504,2023,2023-04-22,"Bharat Ratna Shri Atal Bihari Vajpayee Ekana Cricket Stadium, Lucknow",Gujarat Titans,Lucknow Super Giants,Gujarat Titans,runs,7.0,Gujarat Titans,bat,MM Sharma
1359505,2023,2023-04-22,"Wankhede Stadium, Mumbai",Punjab Kings,Mumbai Indians,Punjab Kings,runs,13.0,Mumbai Indians,field,SM Curran
1359506,2023,2023-04-23,"M Chinnaswamy Stadium, Bengaluru",Royal Challengers Bangalore,Rajasthan Royals,Royal Challengers Bangalore,runs,7.0,Rajasthan Royals,field,GJ Maxwell
1359507,2023,2023-04-23,"Eden Gardens, Kolkata",Chennai Super Kings,Kolkata Knight Riders,Chennai Super Kings,runs,49.0,Kolkata Knight Riders,field,AM Rahane
1359508,2023,2023-04-24,"Rajiv Gandhi International Stadium, Uppal, Hyderabad",Delhi Capitals,Sunrisers Hyderabad,Delhi Capitals,runs,7.0,Delhi Capitals,bat,AR Patel
1359509,2023,2023-04-25,"Narendra Modi Stadium, Ahmedabad",Gujarat Titans,Mumbai Indians,Gujarat Titans,runs,55.0,Mumbai Indians,field,A Manohar
1359510,2023,2023-04-26,"M Chinnaswamy Stadium, Bengaluru",Kolkata Knight Riders,Royal Challengers Bangalore,Kolkata Knight Riders,runs,21.0,Royal Challengers Bangalore,field,CV Varun
1359511,2023,2023-04-27,"Sawai Mansingh Stadium, Jaipur",Rajasthan Royals,Chennai Super Kings,Rajasthan Royals,runs,32.0,Rajasthan Royals,bat,YBK Jaiswal
1359512,2023,2023-04-28,"Punjab Cricket Association IS Bindra Stadium, Mohali, Chandigarh",Lucknow Super Giants,Punjab Kings,Lucknow Super Giants,runs,56.0,Punjab Kings,field,MP Stoinis
1359513,2023,2023-04-29,"Eden Gardens, Kolkata",Kolkata Knight Riders,Gujarat Titans,Gujarat Titans,wickets,7.0,Gujarat Titans,field,J Little
1359514,2023,2023-04-29,"Arun Jaitley Stadium, Delhi",Sunrisers Hyderabad,Delhi Capitals,Sunrisers Hyderabad,runs,9.0,Sunrisers Hyderabad,bat,MR Marsh
1359515,2023,2023-04-30,"MA Chidambaram Stadium, Chepauk, Chennai",Chennai Super Kings,Punjab Kings,Punjab Kings,wickets,4.0,Chennai Super Kings,bat,DP Conway
1359516,2023,2023-04-30,"Wankhede Stadium, Mumbai",Rajasthan Royals,Mumbai Indians,Mumbai Indians,wickets,6.0,Rajasthan Royals,bat,YBK Jaiswal
1359517,2023,2023-05-01,"Bharat Ratna Shri Atal Bihari Vajpayee Ekana Cricket Stadium, Lucknow",Royal Challengers Bangalore,Lucknow Super Giants,Royal Challengers Bangalore,runs,18.0,Royal Challengers Bangalore,bat,F du Plessis
1359518,2023,2023-05-02,"Narendra Modi Stadium, Ahmedabad",Delhi Capitals,Gujarat Titans,Delhi Capitals,runs,5.0,Delhi Capitals,bat,Mohammed Shami
1359519,2023,2023-05-03,"Bharat Ratna Shri Atal Bihari Vajpayee Ekana Cricket Stadium, Lucknow",Lucknow Super Giants,Chennai Super Kings,,,,Chennai Super Kings,field,
1359520,2023,2023-05-03,"Punjab Cricket Association IS Bindra Stadium, Mohali, Chandigarh",Punjab Kings,Mumbai Indians,Mumbai Indians,wickets,6.0,Mumbai Indians,field,Ishan Kishan
1359521,2023,2023-05-04,"Rajiv Gandhi International Stadium, Uppal, Hyderabad",Kolkata Knight Riders,Sunrisers Hyderabad,Kolkata Knight Riders,runs,5.0,Kolkata Knight Riders,bat,CV Varun
1359522,2023,2023-05-05,"Sawai Mansingh Stadium, Jaipur",Rajasthan Royals,Gujarat Titans,Gujarat Titans,wickets,9.0,Rajasthan Royals,bat,Rashid Khan
1359523,2023,2023-05-06,"MA Chidambaram Stadium, Chepauk, Chennai",Mumbai Indians,Chennai Super Kings,Chennai Super Kings,wickets,6.0,Chennai Super Kings,field,M Pathirana
1359524,2023,2023-05-06,"Arun Jaitley Stadium, Delhi",Royal Challengers Bangalore,Delhi Capitals,Delhi Capitals,wickets,7.0,Royal Challengers Bangalore,bat,PD Salt
1359525,2023,2023-05-07,"Narendra Modi Stadium, Ahmedabad",Gujarat Titans,Lucknow Super Giants,Gujarat Titans,runs,56.0,Lucknow Super Giants,field,Shubman Gill
1359526,2023,2023-05-07,"Sawai Mansingh Stadium, Jaipur",Rajasthan Royals,Sunrisers Hyderabad,Sunrisers Hyderabad,wickets,4.0,Rajasthan Royals,bat,GD Phillips
1359527,2023,2023-05-08,"Eden Gardens, Kolkata",Punjab Kings,Kolkata Knight Riders,Kolkata Knight Riders,wickets,5.0,Punjab Kings,bat,AD Russell
1359528,2023,2023-05-09,"Wankhede Stadium, Mumbai",Royal Challengers Bangalore,Mumbai Indians,Mumbai Indians,wickets,6.0,Mumbai Indians,field,SA Yadav
1359529,2023,2023-05-10,"MA Chidambaram Stadium, Chepauk, Chennai",Chennai Super Kings,Delhi Capitals,Chennai Super Kings,runs,27.0,Chennai Super Kings,bat,RA Jadeja
1359530,2023,2023-05-11,"Eden Gardens, Kolkata",Kolkata Knight Riders,Rajasthan Royals,Rajasthan Royals,wickets,9.0,Rajasthan Royals,field,YBK Jaiswal
1359531,2023,2023-05-12,"Wankhede Stadium, Mumbai",Mumbai Indians,Gujarat Titans,Mumbai Indians,runs,27.0,Gujarat Titans,field,SA Yadav
1359532,2023,2023-05-13,"Rajiv Gandhi International Stadium, Uppal, Hyderabad",Sunrisers Hyderabad,Lucknow Super Giants,Lucknow Super Giants,wickets,7.0,Sunrisers Hyderabad,bat,PN Mankad
1359533,2023,2023-05-13,"Arun Jaitley Stadium, Delhi",Punjab Kings,Delhi Capitals,Punjab Kings,runs,31.0,Delhi Capitals,field,P Simran Singh
1359534,2023,2023-05-14,"Sawai Mansingh Stadium, Jaipur",Royal Challengers Bangalore,Rajasthan Royals,Royal Challengers Bangalore,runs,112.0,Royal Challengers Bangalore,bat,WD Parnell
1359535,2023,2023-05-14,"MA Chidambaram Stadium, Chepauk, Chennai",Chennai Super Kings,Kolkata Knight Riders,Kolkata Knight Riders,wickets,6.0,Chennai Super Kings,bat,RK Singh
1359536,2023,2023-05-15,"Narendra Modi Stadium, Ahmedabad",Gujarat Titans,Sunrisers Hyderabad,Gujarat Titans,runs,34.0,Sunrisers Hyderabad,field,Shubman Gill
1359537,2023,2023-05-16,"Bharat Ratna Shri Atal Bihari Vajpayee Ekana Cricket Stadium, Lucknow",Lucknow Super Giants,Mumbai Indians,Lucknow Super Giants,runs,5.0,Mumbai Indians,field,MP Stoinis
1359538,2023,2023-05-17,"Himachal Pradesh Cricket Association Stadium, Dharamsala",Delhi Capitals,Punjab Kings,Delhi Capitals,runs,15.0,Punjab Kings,field,RR Rossouw
1359539,2023,2023-05-18,"Rajiv Gandhi International Stadium, Uppal, Hyderabad",Sunrisers Hyderabad,Royal Challengers Bangalore,Royal Challengers Bangalore,wickets,8.0,Royal Challengers Bangalore,field,V Kohli
1359540,2023,2023-05-19,"Himachal Pradesh Cricket Association Stadium, Dharamsala",Punjab Kings,Rajasthan Royals,Rajasthan Royals,wickets,4.0,Rajasthan Royals,field,D Padikkal
1359541,2023,2023-05-20,"Arun Jaitley Stadium, Delhi",Chennai Super Kings,Delhi Capitals,Chennai Super Kings,runs,77.0,Chennai Super Kings,bat,RD Gaikwad
1359542,2023,2023-05-20,"Eden Gardens, Kolkata",Lucknow Super Giants,Kolkata Knight Riders,Lucknow Super Giants,runs,1.0,Kolkata Knight Riders,field,N Pooran
1359543,2023,2023-05-21,"Wankhede Stadium, Mumbai",Sunrisers Hyderabad,Mumbai Indians,Mumbai Indians,wickets,8.0,Mumbai Indians,field,C Green
1359544,2023,2023-05-21,"M Chinnaswamy Stadium, Bengaluru",Royal Challengers Bangalore,Gujarat Titans,Gujarat Titans,wickets,6.0,Gujarat Titans,field,Shubman Gill
1370350,2023,2023-05-23,"MA Chidambaram Stadium, Chepauk, Chennai",Chennai Super Kings,Gujarat Titans,Chennai Super Kings,runs,15.0,Gujarat Titans,field,RD Gaikwad
1370351,2023,2023-05-24,"MA Chidambaram Stadium, Chepauk, Chennai",Mumbai Indians,Lucknow Super Giants,Mumbai Indians,runs,81.0,Mumbai Indians,bat,Akash Madhwal
1370352,2023,2023-05-26,"Narendra Modi Stadium, Ahmedabad",Gujarat Titans,Mumbai Indians,Gujarat Titans,runs,62.0,Mumbai Indians,field,Shubman Gill
1370353,2023,2023-05-29,"Narendra Modi Stadium, Ahmedabad",Gujarat Titans,Chennai Super Kings,Chennai Super Kings,wickets,5.0,Chennai Super Kings,field,DP Conway
1422119,2024,2024-03-22,"MA Chidambaram Stadium, Chepauk, Chennai",Royal Challengers Bengaluru,Chennai Super Kings,Chennai Super Kings,wickets,6.0,Royal Challengers Bengaluru,bat,Mustafizur Rahman
1422120,2024,2024-03-23,"Maharaja Yadavindra Singh International Cricket Stadium, Mullanpur",Delhi Capitals,Punjab Kings,Punjab Kings,wickets,4.0,Punjab Kings,field,SM Curran
1422121,2024,2024-03-23,"Eden Gardens, Kolkata",Kolkata Knight Riders,Sunrisers Hyderabad,Kolkata Knight Riders,runs,4.0,Sunrisers Hyderabad,field,AD Russell
1422122,2024,2024-03-24,"Sawai Mansingh Stadium, Jaipur",Rajasthan Royals,Lucknow Super Giants,Rajasthan Royals,runs,20.0,Rajasthan Royals,bat,SV Samson
1422123,2024,2024-03-24,"Narendra Modi Stadium, Ahmedabad",Gujarat Titans,Mumbai Indians,Gujarat Titans,runs,6.0,Mumbai Indians,field,B Sai Sudharsan
1422124,2024,2024-03-25,"M Chinnaswamy Stadium, Bengaluru",Punjab Kings,Royal Challengers Bengaluru,Royal Challengers Bengaluru,wickets,4.0,Royal Challengers Bengaluru,field,V Kohli
1422125,2024,2024-03-26,"MA Chidambaram Stadium, Chepauk, Chennai",Chennai Super Kings,Gujarat Titans,Chennai Super Kings,runs,63.0,Gujarat Titans,field,S Dube
1422126,2024,2024-03-27,"Rajiv Gandhi International Stadium, Uppal, Hyderabad",Sunrisers Hyderabad,Mumbai Indians,Sunrisers Hyderabad,runs,31.0,Mumbai Indians,field,Abhishek Sharma
1422127,2024,2024-03-28,"Sawai Mansingh Stadium, Jaipur",Rajasthan Royals,Delhi Capitals,Rajasthan Royals,runs,12.0,Delhi Capitals,field,R Parag
1422128,2024,2024-03-29,"M Chinnaswamy Stadium, Bengaluru",Royal Challengers Bengaluru,Kolkata Knight Riders,Kolkata Knight Riders,wickets,7.0,Kolkata Knight Riders,field,SP Narine
1422129,2024,2024-03-30,"Bharat Ratna Shri Atal Bihari Vajpayee Ekana Cricket Stadium, Lucknow",Lucknow Super Giants,Punjab Kings,Lucknow Super Giants,runs,21.0,Lucknow Super Giants,bat,MP Yadav
1422130,2024,2024-03-31,"Narendra Modi Stadium, Ahmedabad",Sunrisers Hyderabad,Gujarat Titans,Gujarat Titans,wickets,7.0,Sunrisers Hyderabad,bat,MM Sharma
1422131,2024,2024-03-31,"Dr. Y.S. Rajasekhara Reddy ACA-VDCA Cricket Stadium, Visakhapatnam",Delhi Capitals,Chennai Super Kings,Delhi Capitals,runs,20.0,Delhi Capitals,bat,KK Ahmed
1422132,2024,2024-04-01,"Wankhede Stadium, Mumbai",Mumbai Indians,Rajasthan Royals,Rajasthan Royals,wickets,6.0,Rajasthan Royals,field,TA Boult
1422133,2024,2024-04-02,"M Chinnaswamy Stadium, Bengaluru",Lucknow Super Giants,Royal Challengers Bengaluru,Lucknow Super Giants,runs,28.0,Royal Challengers Bengaluru,field,MP Yadav
1422134,2024,2024-04-03,"Dr. Y.S. Rajasekhara Reddy ACA-VDCA Cricket Stadium, Visakhapatnam",Kolkata Knight Riders,Delhi Capitals,Kolkata Knight Riders,runs,106.0,Kolkata Knight Riders,bat,SP Narine
1422135,2024,2024-04-04,"Narendra Modi Stadium, Ahmedabad",Gujarat Titans,Punjab Kings,Punjab Kings,wickets,3.0,Punjab Kings,field,Shashank Singh
1422136,2024,2024-04-05,"Rajiv Gandhi International Stadium, Uppal, Hyderabad",Chennai Super Kings,Sunrisers Hyderabad,Sunrisers Hyderabad,wickets,6.0,Sunrisers Hyderabad,field,Abhishek Sharma
1422137,2024,2024-04-06,"Sawai Mansingh Stadium, Jaipur",Royal Challengers Bengaluru,Rajasthan Royals,Rajasthan Royals,wickets,6.0,Rajasthan Royals,field,JC Buttler
1422138,2024,2024-04-07,"Wankhede Stadium, Mumbai",Mumbai Indians,Delhi Capitals,Mumbai Indians,runs,29.0,Delhi Capitals,field,R Shepherd
1422139,2024,2024-04-07,"Bharat Ratna Shri Atal Bihari Vajpayee Ekana Cricket Stadium, Lucknow",Lucknow Super Giants,Gujarat Titans,Lucknow Super Giants,runs,33.0,Lucknow Super Giants,bat,Yash Thakur
1426260,2024,2024-04-08,"MA Chidambaram Stadium, Chepauk, Chennai",Kolkata Knight Riders,Chennai Super Kings,Chennai Super Kings,wickets,7.0,Chennai Super Kings,field,RA Jadeja
1426261,2024,2024-04-09,"Maharaja Yadavindra Singh International Cricket Stadium, Mullanpur",Sunrisers Hyderabad,Punjab Kings,Sunrisers Hyderabad,runs,2.0,Punjab Kings,field,Nithish Kumar Reddy
1426262,2024,2024-04-10,"Sawai Mansingh Stadium, Jaipur",Rajasthan Royals,Gujarat Titans,Gujarat Titans,wickets,3.0,Gujarat Titans,field,Rashid Khan
1426263,2024,2024-04-11,"Wankhede Stadium, Mumbai",Royal Challengers Bengaluru,Mumbai Indians,Mumbai Indians,wickets,7.0,Mumbai Indians,field,JJ Bumrah
1426264,2024,2024-04-12,"Bharat Ratna Shri Atal Bihari Vajpayee Ekana Cricket Stadium, Lucknow",Lucknow Super Giants,Delhi Capitals,Delhi Capitals,wickets,6.0,Lucknow Super Giants,bat,Kuldeep Yadav
1426265,2024,2024-04-13,"Maharaja Yadavindra Singh International Cricket Stadium, Mullanpur",Punjab Kings,Rajasthan Royals,Rajasthan Royals,wickets,3.0,Rajasthan Royals,field,SO Hetmyer
1426266,2024,2024-04-14,"Eden Gardens, Kolkata",Lucknow Super Giants,Kolkata Knight Riders,Kolkata Knight Riders,wickets,8.0,Kolkata Knight Riders,field,PD Salt
1426267,2024,2024-04-14,"Wankhede Stadium, Mumbai",Chennai Super Kings,Mumbai Indians,Chennai Super Kings,runs,20.0,Mumbai Indians,field,M Pathirana
1426268,2024,2024-04-15,"M Chinnaswamy Stadium, Bengaluru",Sunrisers Hyderabad,Royal Challengers Bengaluru,Sunrisers Hyderabad,runs,25.0,Royal Challengers Bengaluru,field,TM Head
1426269,2024,2024-04-16,"Eden Gardens, Kolkata",Kolkata Knight Riders,Rajasthan Royals,Rajasthan Royals,wickets,2.0,Rajasthan Royals,field,JC Buttler
1426270,2024,2024-04-17,"Narendra Modi Stadium, Ahmedabad",Gujarat Titans,Delhi Capitals,Delhi Capitals,wickets,6.0,Delhi Capitals,field,RR Pant
1426271,2024,2024-04-18,"Maharaja Yadavindra Singh International Cricket Stadium, Mullanpur",Mumbai Indians,Punjab Kings,Mumbai Indians,runs,9.0,Punjab Kings,field,JJ Bumrah
1426272,2024,2024-04-19,"Bharat Ratna Shri Atal Bihari Vajpayee Ekana Cricket Stadium, Lucknow",Chennai Super Kings,Lucknow Super Giants,Lucknow Super Giants,wickets,8.0,Lucknow Super Giants,field,KL Rahul
1426273,2024,2024-04-20,"Arun Jaitley Stadium, Delhi",Sunrisers Hyderabad,Delhi Capitals,Sunrisers Hyderabad,runs,67.0,Delhi Capitals,field,TM Head
1426274,2024,2024-04-21,"Eden Gardens, Kolkata",Kolkata Knight Riders,Royal Challengers Bengaluru,Kolkata Knight Riders,runs,1.0,Royal Challengers Bengaluru,field,AD Russell
1426275,2024,2024-04-21,"Maharaja Yadavindra Singh International Cricket Stadium, Mullanpur",Punjab Kings,Gujarat Titans,Gujarat Titans,wickets,3.0,Punjab Kings,bat,R Sai Kishore
1426276,2024,2024-04-22,"Sawai Mansingh Stadium, Jaipur",Mumbai Indians,Rajasthan Royals,Rajasthan Royals,wickets,9.0,Mumbai Indians,bat,Sandeep Sharma
1426277,2024,2024-04-23,"MA Chidambaram Stadium, Chepauk, Chennai",Chennai Super Kings,Lucknow Super Giants,Lucknow Super Giants,wickets,6.0,Lucknow Super Giants,field,MP Stoinis
1426278,2024,2024-04-24,"Arun Jaitley Stadium, Delhi",Delhi Capitals,Gujarat Titans,Delhi Capitals,runs,4.0,Gujarat Titans,field,RR Pant
1426279,2024,2024-04-25,"Rajiv Gandhi International Stadium, Uppal, Hyderabad",Royal Challengers Bengaluru,Sunrisers Hyderabad,Royal Challengers Bengaluru,runs,35.0,Royal Challengers Bengaluru,bat,RM Patidar
1426280,2024,2024-04-26,"Eden Gardens, Kolkata",Kolkata Knight Riders,Punjab Kings,Punjab Kings,wickets,8.0,Punjab Kings,field,JM Bairstow
1426281,2024,2024-04-27,"Arun Jaitley Stadium, Delhi",Delhi Capitals,Mumbai Indians,Delhi Capitals,runs,10.0,Mumbai Indians,field,J Fraser-McGurk
1426282,2024,2024-04-27,"Bharat Ratna Shri Atal Bihari Vajpayee Ekana Cricket Stadium, Lucknow",Lucknow Super Giants,Rajasthan Royals,Rajasthan Royals,wickets,7.0,Rajasthan Royals,field,SV Samson
1426283,2024,2024-04-28,"Narendra Modi Stadium, Ahmedabad",Gujarat Titans,Royal Challengers Bengaluru,Royal Challengers Bengaluru,wickets,9.0,Royal Challengers Bengaluru,field,WG Jacks
1426284,2024,2024-04-28,"MA Chidambaram Stadium, Chepauk, Chennai",Chennai Super Kings,Sunrisers Hyderabad,Chennai Super Kings,runs,78.0,Sunrisers Hyderabad,field,RD Gaikwad
1426285,2024,2024-04-29,"Eden Gardens, Kolkata",Delhi Capitals,Kolkata Knight Riders,Kolkata Knight Riders,wickets,7.0,Delhi Capitals,bat,CV Varun
1426286,2024,2024-04-30,"Bharat Ratna Shri Atal Bihari Vajpayee Ekana Cricket Stadium, Lucknow",Mumbai Indians,Lucknow Super Giants,Lucknow Super Giants,wickets,4.0,Lucknow Super Giants,field,MP Stoinis
1426287,2024,2024-05-01,"MA Chidambaram Stadium, Chepauk, Chennai",Chennai Super Kings,Punjab Kings,Punjab Kings,wickets,7.0,Punjab Kings,field,Harpreet Brar
1426288,2024,2024-05-02,"Rajiv Gandhi International Stadium, Uppal, Hyderabad",Sunrisers Hyderabad,Rajasthan Royals,Sunrisers Hyderabad,runs,1.0,Sunrisers Hyderabad,bat,B Kumar
1426289,2024,2024-05-03,"Wankhede Stadium, Mumbai",Kolkata Knight Riders,Mumbai Indians,Kolkata Knight Riders,runs,24.0,Mumbai Indians,field,VR Iyer
1426290,2024,2024-05-04,"M Chinnaswamy Stadium, Bengaluru",Gujarat Titans,Royal Challengers Bengaluru,Royal Challengers Bengaluru,wickets,4.0,Royal Challengers Bengaluru,field,Mohammed Siraj
1426291,2024,2024-05-05,"Himachal Pradesh Cricket Association Stadium, Dharamsala",Chennai Super Kings,Punjab Kings,Chennai Super Kings,runs,28.0,Punjab Kings,field,RA Jadeja
1426292,2024,2024-05-05,"Bharat Ratna Shri Atal Bihari Vajpayee Ekana Cricket Stadium, Lucknow",Kolkata Knight Riders,Lucknow Super Giants,Kolkata Knight Riders,runs,98.0,Lucknow Super Giants,field,SP Narine
1426293,2024,2024-05-06,"Wankhede Stadium, Mumbai",Sunrisers Hyderabad,Mumbai Indians,Mumbai Indians,wickets,7.0,Mumbai Indians,field,SA Yadav
1426294,2024,2024-05-07,"Arun Jaitley Stadium, Delhi",Delhi Capitals,Rajasthan Royals,Delhi Capitals,runs,20.0,Rajasthan Royals,field,Kuldeep Yadav
1426295,2024,2024-05-08,"Rajiv Gandhi International Stadium, Uppal, Hyderabad",Lucknow Super Giants,Sunrisers Hyderabad,Sunrisers Hyderabad,wickets,10.0,Lucknow Super Giants,bat,TM Head
1426296,2024,2024-05-09,"Himachal Pradesh Cricket Association Stadium, Dharamsala",Royal Challengers Bengaluru,Punjab Kings,Royal Challengers Bengaluru,runs,60.0,Punjab Kings,field,V Kohli
1426297,2024,2024-05-10,"Narendra Modi Stadium, Ahmedabad",Gujarat Titans,Chennai Super Kings,Gujarat Titans,runs,35.0,Chennai Super Kings,field,Shubman Gill
1426298,2024,2024-05-11,"Eden Gardens, Kolkata",Kolkata Knight Riders,Mumbai Indians,Kolkata Knight Riders,runs,18.0,Mumbai Indians,field,CV Varun
1426299,2024,2024-05-12,"MA Chidambaram Stadium, Chepauk, Chennai",Rajasthan Royals,Chennai Super Kings,Chennai Super Kings,wickets,5.0,Rajasthan Royals,bat,Simarjeet Singh
1426300,2024,2024-05-12,"M Chinnaswamy Stadium, Bengaluru",Royal Challengers Bengaluru,Delhi Capitals,Royal Challengers Bengaluru,runs,47.0,Delhi Capitals,field,C Green
1426302,2024,2024-05-14,"Arun Jaitley Stadium, Delhi",Delhi Capitals,Lucknow Super Giants,Delhi Capitals,runs,19.0,Lucknow Super Giants,field,I Sharma
1426303,2024,2024-05-15,"Barsapara Cricket Stadium, Guwahati",Rajasthan Royals,Punjab Kings,Punjab Kings,wickets,5.0,Rajasthan Royals,bat,SM Curran
1426305,2024,2024-05-17,"Wankhede Stadium, Mumbai",Lucknow Super Giants,Mumbai Indians,Lucknow Super Giants,runs,18.0,Mumbai Indians,field,N Pooran
1426306,2024,2024-05-18,"M Chinnaswamy Stadium, Bengaluru",Royal Challengers Bengaluru,Chennai Super Kings,Royal Challengers Bengaluru,runs,27.0,Chennai Super Kings,field,F du Plessis
1426307,2024,2024-05-19,"Rajiv Gandhi International Stadium, Uppal, Hyderabad",Punjab Kings,Sunrisers Hyderabad,Sunrisers Hyderabad,wickets,4.0,Punjab Kings,bat,Abhishek Sharma
1426309,2024,2024-05-21,"Narendra Modi Stadium, Ahmedabad",Sunrisers Hyderabad,Kolkata Knight Riders,Kolkata Knight Riders,wickets,8.0,Sunrisers Hyderabad,bat,MA Starc
1426310,2024,2024-05-22,"Narendra Modi Stadium, Ahmedabad",Royal Challengers Bengaluru,Rajasthan Royals,Rajasthan Royals,wickets,4.0,Rajasthan Royals,field,R Ashwin
1426311,2024,2024-05-24,"MA Chidambaram Stadium, Chepauk, Chennai",Sunrisers Hyderabad,Rajasthan Royals,Sunrisers Hyderabad,runs,36.0,Rajasthan Royals,field,Shahbaz Ahmed
1426312,2024,2024-05-26,"MA Chidambaram Stadium, Chepauk, Chennai",Sunrisers Hyderabad,Kolkata Knight Riders,Kolkata Knight Riders,wickets,8.0,Sunrisers Hyderabad,bat,MA Starc
1473438,2025,2025-03-22,"Eden Gardens, Kolkata",Kolkata Knight Riders,Royal Challengers Bengaluru,Royal Challengers Bengaluru,wickets,7.0,Royal Challengers Bengaluru,field,KH Pandya
1473439,2025,2025-03-23,"Rajiv Gandhi International Stadium, Uppal, Hyderabad",Sunrisers Hyderabad,Rajasthan Royals,Sunrisers Hyderabad,runs,44.0,Rajasthan Royals,field,Ishan Kishan
1473440,2025,2025-03-23,"MA Chidambaram Stadium, Chepauk, Chennai",Mumbai Indians,Chennai Super Kings,Chennai Super Kings,wickets,4.0,Chennai Super Kings,field,Noor Ahmad
1473441,2025,2025-03-24,"Dr. Y.S. Rajasekhara Reddy ACA-VDCA Cricket Stadium, Visakhapatnam",Lucknow Super Giants,Delhi Capitals,Delhi Capitals,wickets,1.0,Delhi Capitals,field,Ashutosh Sharma
1473442,2025,2025-03-25,"Narendra Modi Stadium, Ahmedabad",Punjab Kings,Gujarat Titans,Punjab Kings,runs,11.0,Gujarat Titans,field,SS Iyer
1473443,2025,2025-03-26,"Barsapara Cricket Stadium, Guwahati",Rajasthan Royals,Kolkata Knight Riders,Kolkata Knight Riders,wickets,8.0,Kolkata Knight Riders,field,Q de Kock
1473444,2025,2025-03-27,"Rajiv Gandhi International Stadium, Uppal, Hyderabad",Sunrisers Hyderabad,Lucknow Super Giants,Lucknow Super Giants,wickets,5.0,Lucknow Super Giants,field,SN Thakur
1473445,2025,2025-03-28,"MA Chidambaram Stadium, Chepauk, Chennai",Royal Challengers Bengaluru,Chennai Super Kings,Royal Challengers Bengaluru,runs,50.0,Chennai Super Kings,field,RM Patidar
1473446,2025,2025-03-29,"Narendra Modi Stadium, Ahmedabad",Gujarat Titans,Mumbai Indians,Gujarat Titans,runs,36.0,Mumbai Indians,field,M Prasidh Krishna
1473447,2025,2025-03-30,"Dr. Y.S. Rajasekhara Reddy ACA-VDCA Cricket Stadium, Visakhapatnam",Sunrisers Hyderabad,Delhi Capitals,Delhi Capitals,wickets,7.0,Sunrisers Hyderabad,bat,MA Starc
1473448,2025,2025-03-30,"Barsapara Cricket Stadium, Guwahati",Rajasthan Royals,Chennai Super Kings,Rajasthan Royals,runs,6.0,Chennai Super Kings,field,N Rana
1473449,2025,2025-03-31,"Wankhede Stadium, Mumbai",Kolkata Knight Riders,Mumbai Indians,Mumbai Indians,wickets,8.0,Mumbai Indians,field,Ashwani Kumar
1473450,2025,2025-04-01,"Bharat Ratna Shri Atal Bihari Vajpayee Ekana Cricket Stadium, Lucknow",Lucknow Super Giants,Punjab Kings,Punjab Kings,wickets,8.0,Punjab Kings,field,P Simran Singh
1473451,2025,2025-04-02,"M Chinnaswamy Stadium, Bengaluru",Royal Challengers Bengaluru,Gujarat Titans,Gujarat Titans,wickets,8.0,Gujarat Titans,field,Mohammed Siraj
1473452,2025,2025-04-03,"Eden Gardens, Kolkata",Kolkata Knight Riders,Sunrisers Hyderabad,Kolkata Knight Riders,runs,80.0,Sunrisers Hyderabad,field,VG Arora
1473453,2025,2025-04-04,"Bharat Ratna Shri Atal Bihari Vajpayee Ekana Cricket Stadium, Lucknow",Lucknow Super Giants,Mumbai Indians,Lucknow Super Giants,runs,12.0,Mumbai Indians,field,DS Rathi
1473454,2025,2025-04-05,"MA Chidambaram Stadium, Chepauk, Chennai",Delhi Capitals,Chennai Super Kings,Delhi Capitals,runs,25.0,Delhi Capitals,bat,KL Rahul
1473455,2025,2025-04-05,"Maharaja Yadavindra Singh International Cricket Stadium, Mullanpur",Rajasthan Royals,Punjab Kings,Rajasthan Royals,runs,50.0,Punjab Kings,field,JC Archer
1473456,2025,2025-04-08,"Eden Gardens, Kolkata",Lucknow Super Giants,Kolkata Knight Riders,Lucknow Super Giants,runs,4.0,Kolkata Knight Riders,field,N Pooran
1473457,2025,2025-04-06,"Rajiv Gandhi International Stadium, Uppal, Hyderabad",Sunrisers Hyderabad,Gujarat Titans,Gujarat Titans,wickets,7.0,Gujarat Titans,field,Mohammed Siraj
1473458,2025,2025-04-07,"Wankhede Stadium, Mumbai",Royal Challengers Bengaluru,Mumbai Indians,Royal Challengers Bengaluru,runs,12.0,Mumbai Indians,field,RM Patidar
1473459,2025,2025-04-08,"Maharaja Yadavindra Singh International Cricket Stadium, Mullanpur",Punjab Kings,Chennai Super Kings,Punjab Kings,runs,18.0,Punjab Kings,bat,Priyansh Arya
1473460,2025,2025-04-09,"Narendra Modi Stadium, Ahmedabad",Gujarat Titans,Rajasthan Royals,Gujarat Titans,runs,58.0,Rajasthan Royals,field,B Sai Sudharsan
1473461,2025,2025-04-10,"M Chinnaswamy Stadium, Bengaluru",Royal Challengers Bengaluru,Delhi Capitals,Delhi Capitals,wickets,6.0,Delhi Capitals,field,KL Rahul
1473462,2025,2025-04-11,"MA Chidambaram Stadium, Chepauk, Chennai",Chennai Super Kings,Kolkata Knight Riders,Kolkata Knight Riders,wickets,8.0,Kolkata Knight Riders,field,SP Narine
1473463,2025,2025-04-12,"Bharat Ratna Shri Atal Bihari Vajpayee Ekana Cricket Stadium, Lucknow",Gujarat Titans,Lucknow Super Giants,Lucknow Super Giants,wickets,6.0,Lucknow Super Giants,field,AK Markram
1473464,2025,2025-04-12,"Rajiv Gandhi International Stadium, Uppal, Hyderabad",Punjab Kings,Sunrisers Hyderabad,Sunrisers Hyderabad,wickets,8.0,Punjab Kings,bat,Abhishek Sharma
1473465,2025,2025-04-13,"Sawai Mansingh Stadium, Jaipur",Rajasthan Royals,Royal Challengers Bengaluru,Royal Challengers Bengaluru,wickets,9.0,Royal Challengers Bengaluru,field,PD Salt
1473466,2025,2025-04-13,"Arun Jaitley Stadium, Delhi",Mumbai Indians,Delhi Capitals,Mumbai Indians,runs,12.0,Delhi Capitals,field,KV Sharma
1473467,2025,2025-04-14,"Bharat Ratna Shri Atal Bihari Vajpayee Ekana Cricket Stadium, Lucknow",Lucknow Super Giants,Chennai Super Kings,Chennai Super Kings,wickets,5.0,Chennai Super Kings,field,MS Dhoni
1473468,2025,2025-04-15,"Maharaja Yadavindra Singh International Cricket Stadium, Mullanpur",Punjab Kings,Kolkata Knight Riders,Punjab Kings,runs,16.0,Punjab Kings,bat,YS Chahal
1473469,2025,2025-04-16,"Arun Jaitley Stadium, Delhi",Delhi Capitals,Rajasthan Royals,,,,Rajasthan Royals,field,MA Starc
1473470,2025,2025-04-17,"Wankhede Stadium, Mumbai",Sunrisers Hyderabad,Mumbai Indians,Mumbai Indians,wickets,4.0,Mumbai Indians,field,WG Jacks
1473471,2025,2025-04-18,"M Chinnaswamy Stadium, Bengaluru",Royal Challengers Bengaluru,Punjab Kings,Punjab Kings,wickets,5.0,Punjab Kings,field,TH David
1473472,2025,2025-04-19,"Narendra Modi Stadium, Ahmedabad",Delhi Capitals,Gujarat Titans,Gujarat Titans,wickets,7.0,Gujarat Titans,field,JC Buttler
1473473,2025,2025-04-19,"Sawai Mansingh Stadium, Jaipur",Lucknow Super Giants,Rajasthan Royals,Lucknow Super Giants,runs,2.0,Lucknow Super Giants,bat,Avesh Khan
1473474,2025,2025-04-20,"Maharaja Yadavindra Singh International Cricket Stadium, Mullanpur",Punjab Kings,Royal Challengers Bengaluru,Royal Challengers Bengaluru,wickets,7.0,Royal Challengers Bengaluru,field,V Kohli
1473475,2025,2025-04-20,"Wankhede Stadium, Mumbai",Chennai Super Kings,Mumbai Indians,Mumbai Indians,wickets,9.0,Mumbai Indians,field,RG Sharma
1473476,2025,2025-04-21,"Eden Gardens, Kolkata",Gujarat Titans,Kolkata Knight Riders,Gujarat Titans,runs,39.0,Kolkata Knight Riders,field,Shubman Gill
1473477,2025,2025-04-22,"Bharat Ratna Shri Atal Bihari Vajpayee Ekana Cricket Stadium, Lucknow",Lucknow Super Giants,Delhi Capitals,Delhi Capitals,wickets,8.0,Delhi Capitals,field,Mukesh Kumar
1473478,2025,2025-04-23,"Rajiv Gandhi International Stadium, Uppal, Hyderabad",Sunrisers Hyderabad,Mumbai Indians,Mumbai Indians,wickets,7.0,Mumbai Indians,field,TA Boult
1473479,2025,2025-04-24,"M Chinnaswamy Stadium, Bengaluru",Royal Challengers Bengaluru,Rajasthan Royals,Royal Challengers Bengaluru,runs,11.0,Rajasthan Royals,field,JR Hazlewood
1473480,2025,2025-04-25,"MA Chidambaram Stadium, Chepauk, Chennai",Chennai Super Kings,Sunrisers Hyderabad,Sunrisers Hyderabad,wickets,5.0,Sunrisers Hyderabad,field,HV Patel
1473481,2025,2025-04-26,"Eden Gardens, Kolkata",Punjab Kings,Kolkata Knight Riders,,,,Punjab Kings,bat,
1473482,2025,2025-04-27,"Wankhede Stadium, Mumbai",Mumbai Indians,Lucknow Super Giants,Mumbai Indians,runs,54.0,Lucknow Super Giants,field,WG Jacks
1473483,2025,2025-04-27,"Arun Jaitley Stadium, Delhi",Delhi Capitals,Royal Challengers Bengaluru,Royal Challengers Bengaluru,wickets,6.0,Royal Challengers Bengaluru,field,KH Pandya
1473484,2025,2025-04-28,"Sawai Mansingh Stadium, Jaipur",Gujarat Titans,Rajasthan Royals,Rajasthan Royals,wickets,8.0,Rajasthan Royals,field,V Suryavanshi
1473485,2025,2025-04-29,"Arun Jaitley Stadium, Delhi",Kolkata Knight Riders,Delhi Capitals,Kolkata Knight Riders,runs,14.0,Delhi Capitals,field,SP Narine
1473486,2025,2025-04-30,"MA Chidambaram Stadium, Chepauk, Chennai",Chennai Super Kings,Punjab Kings,Punjab Kings,wickets,4.0,Punjab Kings,field,SS Iyer
1473487,2025,2025-05-01,"Sawai Mansingh Stadium, Jaipur",Mumbai Indians,Rajasthan Royals,Mumbai Indians,runs,100.0,Rajasthan Royals,field,RD Rickelton
1473488,2025,2025-05-02,"Narendra Modi Stadium, Ahmedabad",Gujarat Titans,Sunrisers Hyderabad,Gujarat Titans,runs,38.0,Sunrisers Hyderabad,field,M Prasidh Krishna
1473489,2025,2025-05-03,"M Chinnaswamy Stadium, Bengaluru",Royal Challengers Bengaluru,Chennai Super Kings,Royal Challengers Bengaluru,runs,2.0,Chennai Super Kings,field,R Shepherd
1473490,2025,2025-05-04,"Eden Gardens, Kolkata",Kolkata Knight Riders,Rajasthan Royals,Kolkata Knight Riders,runs,1.0,Kolkata Knight Riders,bat,AD Russell
1473491,2025,2025-05-04,"Himachal Pradesh Cricket Association Stadium, Dharamsala",Punjab Kings,Lucknow Super Giants,Punjab Kings,runs,37.0,Lucknow Super Giants,field,P Simran Singh
1473492,2025,2025-05-05,"Rajiv Gandhi International Stadium, Uppal, Hyderabad",Delhi Capitals,Sunrisers Hyderabad,,,,Sunrisers Hyderabad,field,
1473493,2025,2025-05-06,"Wankhede Stadium, Mumbai",Mumbai Indians,Gujarat Titans,Gujarat Titans,wickets,3.0,Gujarat Titans,field,Shubman Gill
1473494,2025,2025-05-07,"Eden Gardens, Kolkata",Kolkata Knight Riders,Chennai Super Kings,Chennai Super Kings,wickets,2.0,Kolkata Knight Riders,bat,Noor Ahmad
1473495,2025,2025-05-08,"Himachal Pradesh Cricket Association Stadium, Dharamsala",Punjab Kings,Delhi Capitals,,,,Punjab Kings,bat,
1473497,2025,2025-05-18,"Sawai Mansingh Stadium, Jaipur",Punjab Kings,Rajasthan Royals,Punjab Kings,runs,10.0,Punjab Kings,bat,Harpreet Brar
1473498,2025,2025-05-18,"Arun Jaitley Stadium, Delhi",Delhi Capitals,Gujarat Titans,Gujarat Titans,wickets,10.0,Gujarat Titans,field,B Sai Sudharsan
1473499,2025,2025-05-19,"Bharat Ratna Shri Atal Bihari Vajpayee Ekana Cricket Stadium, Lucknow",Lucknow Super Giants,Sunrisers Hyderabad,Sunrisers Hyderabad,wickets,6.0,Sunrisers Hyderabad,field,Abhishek Sharma
1473500,2025,2025-05-20,"Arun Jaitley Stadium, Delhi",Chennai Super Kings,Rajasthan Royals,Rajasthan Royals,wickets,6.0,Rajasthan Royals,field,Akash Madhwal
1473501,2025,2025-05-21,"Wankhede Stadium, Mumbai",Mumbai Indians,Delhi Capitals,Mumbai Indians,runs,59.0,Delhi Capitals,field,SA Yadav
1473502,2025,2025-05-22,"Narendra Modi Stadium, Ahmedabad",Lucknow Super Giants,Gujarat Titans,Lucknow Super Giants,runs,33.0,Gujarat Titans,field,MR Marsh
1473503,2025,2025-05-23,"Bharat Ratna Shri Atal Bihari Vajpayee Ekana Cricket Stadium, Lucknow",Sunrisers Hyderabad,Royal Challengers Bengaluru,Sunrisers Hyderabad,runs,42.0,Royal Challengers Bengaluru,field,Ishan Kishan
1473504,2025,2025-05-25,"Narendra Modi Stadium, Ahmedabad",Chennai Super Kings,Gujarat Titans,Chennai Super Kings,runs,83.0,Chennai Super Kings,bat,D Brevis
1473505,2025,2025-05-25,"Arun Jaitley Stadium, Delhi",Sunrisers Hyderabad,Kolkata Knight Riders,Sunrisers Hyderabad,runs,110.0,Sunrisers Hyderabad,bat,H Klaasen
1473506,2025,2025-05-26,"Sawai Mansingh Stadium, Jaipur",Mumbai Indians,Punjab Kings,Punjab Kings,wickets,7.0,Punjab Kings,field,JP Inglis
1473507,2025,2025-05-27,"Bharat Ratna Shri Atal Bihari Vajpayee Ekana Cricket Stadium, Lucknow",Lucknow Super Giants,Royal Challengers Bengaluru,Royal Challengers Bengaluru,wickets,6.0,Royal Challengers Bengaluru,field,JM Sharma
1473508,2025,2025-05-29,"Maharaja Yadavindra Singh International Cricket Stadium, Mullanpur",Punjab Kings,Royal Challengers Bengaluru,Royal Challengers Bengaluru,wickets,8.0,Royal Challengers Bengaluru,field,Suyash Sharma
1473509,2025,2025-05-30,"Maharaja Yadavindra Singh International Cricket Stadium, New Chandigarh",Mumbai Indians,Gujarat Titans,Mumbai Indians,runs,20.0,Mumbai Indians,bat,RG Sharma
1473510,2025,2025-06-01,"Narendra Modi Stadium, Ahmedabad",Mumbai Indians,Punjab Kings,Punjab Kings,wickets,5.0,Punjab Kings,field,SS Iyer
1473511,2025,2025-06-03,"Narendra Modi Stadium, Ahmedabad",Royal Challengers Bengaluru,Punjab Kings,Royal Challengers Bengaluru,runs,6.0,Punjab Kings,field,KH Pandya
1485779,2025,2025-05-24,"Sawai Mansingh Stadium, Jaipur",Punjab Kings,Delhi Capitals,Delhi Capitals,wickets,6.0,Delhi Capitals,field,Sameer Rizvi
1527674,2026,2026-03-28,"M Chinnaswamy Stadium, Bengaluru",Sunrisers Hyderabad,Royal Challengers Bengaluru,Royal Challengers Bengaluru,wickets,6.0,Royal Challengers Bengaluru,field,JA Duffy
1527675,2026,2026-03-29,"Wankhede Stadium, Mumbai",Kolkata Knight Riders,Mumbai Indians,Mumbai Indians,wickets,6.0,Mumbai Indians,field,SN Thakur
1527676,2026,2026-03-30,"Barsapara Cricket Stadium, Guwahati",Chennai Super Kings,Rajasthan Royals,Rajasthan Royals,wickets,8.0,Rajasthan Royals,field,N Burger
1527677,2026,2026-03-31,"Maharaja Yadavindra Singh International Cricket Stadium, New Chandigarh",Gujarat Titans,Punjab Kings,Punjab Kings,wickets,3.0,Punjab Kings,field,C Connolly
1527678,2026,2026-04-01,"Bharat Ratna Shri Atal Bihari Vajpayee Ekana Cricket Stadium, Lucknow",Lucknow Super Giants,Delhi Capitals,Delhi Capitals,wickets,6.0,Delhi Capitals,field,Sameer Rizvi
1527679,2026,2026-04-02,"Eden Gardens, Kolkata",Sunrisers Hyderabad,Kolkata Knight Riders,Sunrisers Hyderabad,runs,65.0,Kolkata Knight Riders,field,Nithish Kumar Reddy
1527680,2026,2026-04-03,"MA Chidambaram Stadium, Chepauk, Chennai",Chennai Super Kings,Punjab Kings,Punjab Kings,wickets,5.0,Punjab Kings,field,Priyansh Arya
1527681,2026,2026-04-04,"Arun Jaitley Stadium, Delhi",Mumbai Indians,Delhi Capitals,Delhi Capitals,wickets,6.0,Delhi Capitals,field,Sameer Rizvi
1527682,2026,2026-04-04,"Narendra Modi Stadium, Ahmedabad",Rajasthan Royals,Gujarat Titans,Rajasthan Royals,runs,6.0,Rajasthan Royals,bat,Ravi Bishnoi
1527683,2026,2026-04-05,"Rajiv Gandhi International Stadium, Uppal, Hyderabad",Sunrisers Hyderabad,Lucknow Super Giants,Lucknow Super Giants,wickets,5.0,Lucknow Super Giants,field,Mohammed Shami
1527684,2026,2026-04-05,"M Chinnaswamy Stadium, Bengaluru",Royal Challengers Bengaluru,Chennai Super Kings,Royal Challengers Bengaluru,runs,43.0,Chennai Super Kings,field,TH David
1527685,2026,2026-04-06,"Eden Gardens, Kolkata",Kolkata Knight Riders,Punjab Kings,,,,Kolkata Knight Riders,bat,
1527686,2026,2026-04-07,"Barsapara Cricket Stadium, Guwahati",Rajasthan Royals,Mumbai Indians,Rajasthan Royals,runs,27.0,Mumbai Indians,field,YBK Jaiswal
1527687,2026,2026-04-08,"Arun Jaitley Stadium, Delhi",Gujarat Titans,Delhi Capitals,Gujarat Titans,runs,1.0,Delhi Capitals,field,Rashid Khan
1527688,2026,2026-04-09,"Eden Gardens, Kolkata",Kolkata Knight Riders,Lucknow Super Giants,Lucknow Super Giants,wickets,3.0,Lucknow Super Giants,field,MD Choudhary
1527689,2026,2026-04-10,"Barsapara Cricket Stadium, Guwahati",Royal Challengers Bengaluru,Rajasthan Royals,Rajasthan Royals,wickets,6.0,Rajasthan Royals,field,V Suryavanshi
1527690,2026,2026-04-11,"Maharaja Yadavindra Singh International Cricket Stadium, New Chandigarh",Sunrisers Hyderabad,Punjab Kings,Punjab Kings,wickets,6.0,Punjab Kings,field,SS Iyer
1527691,2026,2026-04-11,"MA Chidambaram Stadium, Chepauk, Chennai",Chennai Super Kings,Delhi Capitals,Chennai Super Kings,runs,23.0,Delhi Capitals,field,SV Samson
1527692,2026,2026-04-12,"Bharat Ratna Shri Atal Bihari Vajpayee Ekana Cricket Stadium, Lucknow",Lucknow Super Giants,Gujarat Titans,Gujarat Titans,wickets,7.0,Gujarat Titans,field,M Prasidh Krishna
1527693,2026,2026-04-12,"Wankhede Stadium, Mumbai",Royal Challengers Bengaluru,Mumbai Indians,Royal Challengers Bengaluru,runs,18.0,Mumbai Indians,field,PD Salt
1529264,2026,2026-04-13,"Rajiv Gandhi International Stadium, Uppal, Hyderabad",Sunrisers Hyderabad,Rajasthan Royals,Sunrisers Hyderabad,runs,57.0,Rajasthan Royals,field,PP Hinge
1529265,2026,2026-04-14,"MA Chidambaram Stadium, Chepauk, Chennai",Chennai Super Kings,Kolkata Knight Riders,Chennai Super Kings,runs,32.0,Kolkata Knight Riders,field,Noor Ahmad
1529266,2026,2026-04-15,"M Chinnaswamy Stadium, Bengaluru",Lucknow Super Giants,Royal Challengers Bengaluru,Royal Challengers Bengaluru,wickets,5.0,Royal Challengers Bengaluru,field,JR Hazlewood
1529267,2026,2026-04-16,"Wankhede Stadium, Mumbai",Mumbai Indians,Punjab Kings,Punjab Kings,wickets,7.0,Punjab Kings,field,Arshdeep Singh
1529268,2026,2026-04-17,"Narendra Modi Stadium, Ahmedabad",Kolkata Knight Riders,Gujarat Titans,Gujarat Titans,wickets,5.0,Kolkata Knight Riders,bat,Shubman Gill
1529269,2026,2026-04-18,"M Chinnaswamy Stadium, Bengaluru",Royal Challengers Bengaluru,Delhi Capitals,Delhi Capitals,wickets,6.0,Delhi Capitals,field,T Stubbs
1529270,2026,2026-04-18,"Rajiv Gandhi International Stadium, Uppal, Hyderabad",Sunrisers Hyderabad,Chennai Super Kings,Sunrisers Hyderabad,runs,10.0,Chennai Super Kings,field,E Malinga
1529271,2026,2026-04-19,"Eden Gardens, Kolkata",Rajasthan Royals,Kolkata Knight Riders,Kolkata Knight Riders,wickets,4.0,Rajasthan Royals,bat,CV Varun
1529272,2026,2026-04-19,"Maharaja Yadavindra Singh International Cricket Stadium, New Chandigarh",Punjab Kings,Lucknow Super Giants,Punjab Kings,runs,54.0,Lucknow Super Giants,field,Priyansh Arya
1529273,2026,2026-04-20,"Narendra Modi Stadium, Ahmedabad",Mumbai Indians,Gujarat Titans,Mumbai Indians,runs,99.0,Gujarat Titans,field,Tilak Varma
1529274,2026,2026-04-21,"Rajiv Gandhi International Stadium, Uppal, Hyderabad",Sunrisers Hyderabad,Delhi Capitals,Sunrisers Hyderabad,runs,47.0,Delhi Capitals,field,Abhishek Sharma
1529275,2026,2026-04-22,"Bharat Ratna Shri Atal Bihari Vajpayee Ekana Cricket Stadium, Lucknow",Rajasthan Royals,Lucknow Super Giants,Rajasthan Royals,runs,40.0,Lucknow Super Giants,field,RA Jadeja
1529276,2026,2026-04-23,"Wankhede Stadium, Mumbai",Chennai Super Kings,Mumbai Indians,Chennai Super Kings,runs,103.0,Mumbai Indians,field,SV Samson
1529277,2026,2026-04-24,"M Chinnaswamy Stadium, Bengaluru",Gujarat Titans,Royal Challengers Bengaluru,Royal Challengers Bengaluru,wickets,5.0,Royal Challengers Bengaluru,field,V Kohli
1529278,2026,2026-04-25,"Arun Jaitley Stadium, Delhi",Delhi Capitals,Punjab Kings,Punjab Kings,wickets,6.0,Delhi Capitals,bat,KL Rahul
1529279,2026,2026-04-25,"Sawai Mansingh Stadium, Jaipur",Rajasthan Royals,Sunrisers Hyderabad,Sunrisers Hyderabad,wickets,5.0,Sunrisers Hyderabad,field,Ishan Kishan
1529280,2026,2026-04-26,"MA Chidambaram Stadium, Chepauk, Chennai",Chennai Super Kings,Gujarat Titans,Gujarat Titans,wickets,8.0,Gujarat Titans,field,K Rabada
1529281,2026,2026-04-26,"Bharat Ratna Shri Atal Bihari Vajpayee Ekana Cricket Stadium, Lucknow",Kolkata Knight Riders,Lucknow Super Giants,,,,Lucknow Super Giants,field,RK Singh
1529282,2026,2026-04-27,"Arun Jaitley Stadium, Delhi",Delhi Capitals,Royal Challengers Bengaluru,Royal Challengers Bengaluru,wickets,9.0,Royal Challengers Bengaluru,field,JR Hazlewood
1529283,2026,2026-04-28,"Maharaja Yadavindra Singh International Cricket Stadium, New Chandigarh",Punjab Kings,Rajasthan Royals,Rajasthan Royals,wickets,6.0,Rajasthan Royals,field,D Ferreira
1529284,2026,2026-04-29,"Wankhede Stadium, Mumbai",Mumbai Indians,Sunrisers Hyderabad,Sunrisers Hyderabad,wickets,6.0,Mumbai Indians,bat,H Klaasen
1529285,2026,2026-04-30,"Narendra Modi Stadium, Ahmedabad",Royal Challengers Bengaluru,Gujarat Titans,Gujarat Titans,wickets,4.0,Gujarat Titans,field,JO Holder
1529286,2026,2026-05-01,"Sawai Mansingh Stadium, Jaipur",Rajasthan Royals,Delhi Capitals,Delhi Capitals,wickets,7.0,Rajasthan Royals,bat,KL Rahul
1529287,2026,2026-05-02,"MA Chidambaram Stadium, Chepauk, Chennai",Mumbai Indians,Chennai Super Kings,Chennai Super Kings,wickets,8.0,Mumbai Indians,bat,RD Gaikwad
1529288,2026,2026-05-03,"Rajiv Gandhi International Stadium, Uppal, Hyderabad",Sunrisers Hyderabad,Kolkata Knight Riders,Kolkata Knight Riders,wickets,7.0,Sunrisers Hyderabad,bat,CV Varun
1529289,2026,2026-05-03,"Narendra Modi Stadium, Ahmedabad",Punjab Kings,Gujarat Titans,Gujarat Titans,wickets,4.0,Gujarat Titans,field,JO Holder
1529290,2026,2026-05-04,"Wankhede Stadium, Mumbai",Lucknow Super Giants,Mumbai Indians,Mumbai Indians,wickets,6.0,Mumbai Indians,field,RD Rickelton
1529291,2026,2026-05-05,"Arun Jaitley Stadium, Delhi",Delhi Capitals,Chennai Super Kings,Chennai Super Kings,wickets,8.0,Delhi Capitals,bat,SV Samson
1529292,2026,2026-05-06,"Rajiv Gandhi International Stadium, Uppal, Hyderabad",Sunrisers Hyderabad,Punjab Kings,Sunrisers Hyderabad,runs,33.0,Punjab Kings,field,PJ Cummins
1529293,2026,2026-05-07,"Bharat Ratna Shri Atal Bihari Vajpayee Ekana Cricket Stadium, Lucknow",Lucknow Super Giants,Royal Challengers Bengaluru,Lucknow Super Giants,runs,9.0,Royal Challengers Bengaluru,field,MR Marsh
1529294,2026,2026-05-08,"Arun Jaitley Stadium, Delhi",Delhi Capitals,Kolkata Knight Riders,Kolkata Knight Riders,wickets,8.0,Kolkata Knight Riders,field,FH Allen
1529295,2026,2026-05-09,"Sawai Mansingh Stadium, Jaipur",Gujarat Titans,Rajasthan Royals,Gujarat Titans,runs,77.0,Rajasthan Royals,field,Rashid Khan
1529296,2026,2026-05-10,"MA Chidambaram Stadium, Chepauk, Chennai",Lucknow Super Giants,Chennai Super Kings,Chennai Super Kings,wickets,5.0,Chennai Super Kings,field,J Overton
1529297,2026,2026-05-10,"Shaheed Veer Narayan Singh International Stadium, Raipur",Mumbai Indians,Royal Challengers Bengaluru,Royal Challengers Bengaluru,wickets,2.0,Royal Challengers Bengaluru,field,B Kumar
1529298,2026,2026-05-11,"Himachal Pradesh Cricket Association Stadium, Dharamsala",Punjab Kings,Delhi Capitals,Delhi Capitals,wickets,3.0,Delhi Capitals,field,M Tiwari
1529299,2026,2026-05-12,"Narendra Modi Stadium, Ahmedabad",Gujarat Titans,Sunrisers Hyderabad,Gujarat Titans,runs,82.0,Sunrisers Hyderabad,field,K Rabada
1529300,2026,2026-05-13,"Shaheed Veer Narayan Singh International Stadium, Raipur",Kolkata Knight Riders,Royal Challengers Bengaluru,Royal Challengers Bengaluru,wickets,6.0,Royal Challengers Bengaluru,field,V Kohli
1529301,2026,2026-05-14,"Himachal Pradesh Cricket Association Stadium, Dharamsala",Punjab Kings,Mumbai Indians,Mumbai Indians,wickets,6.0,Mumbai Indians,field,Tilak Varma
1529302,2026,2026-05-15,"Bharat Ratna Shri Atal Bihari Vajpayee Ekana Cricket Stadium, Lucknow",Chennai Super Kings,Lucknow Super Giants,Lucknow Super Giants,wickets,7.0,Lucknow Super Giants,field,MR Marsh
1529303,2026,2026-05-16,"Eden Gardens, Kolkata",Kolkata Knight Riders,Gujarat Titans,Kolkata Knight Riders,runs,29.0,Gujarat Titans,field,SP Narine
1529304,2026,2026-05-17,"Himachal Pradesh Cricket Association Stadium, Dharamsala",Royal Challengers Bengaluru,Punjab Kings,Royal Challengers Bengaluru,runs,23.0,Punjab Kings,field,VR Iyer
1529305,2026,2026-05-17,"Arun Jaitley Stadium, Delhi",Rajasthan Royals,Delhi Capitals,Delhi Capitals,wickets,5.0,Delhi Capitals,field,MA Starc
1529306,2026,2026-05-18,"MA Chidambaram Stadium, Chepauk, Chennai",Chennai Super Kings,Sunrisers Hyderabad,Sunrisers Hyderabad,wickets,5.0,Chennai Super Kings,bat,Ishan Kishan
1529307,2026,2026-05-19,"Sawai Mansingh Stadium, Jaipur",Lucknow Super Giants,Rajasthan Royals,Rajasthan Royals,wickets,7.0,Rajasthan Royals,field,V Suryavanshi
1529308,2026,2026-05-20,"Eden Gardens, Kolkata",Mumbai Indians,Kolkata Knight Riders,Kolkata Knight Riders,wickets,4.0,Kolkata Knight Riders,field,MK Pandey
1529309,2026,2026-05-21,"Narendra Modi Stadium, Ahmedabad",Gujarat Titans,Chennai Super Kings,Gujarat Titans,runs,89.0,Chennai Super Kings,field,Mohammed Siraj
1529310,2026,2026-05-22,"Rajiv Gandhi International Stadium, Uppal, Hyderabad",Sunrisers Hyderabad,Royal Challengers Bengaluru,Sunrisers Hyderabad,runs,55.0,Sunrisers Hyderabad,bat,Ishan Kishan
1529311,2026,2026-05-23,"Bharat Ratna Shri Atal Bihari Vajpayee Ekana Cricket Stadium, Lucknow",Lucknow Super Giants,Punjab Kings,Punjab Kings,wickets,7.0,Punjab Kings,field,SS Iyer
1529312,2026,2026-05-24,"Wankhede Stadium, Mumbai",Rajasthan Royals,Mumbai Indians,Rajasthan Royals,runs,30.0,Mumbai Indians,field,JC Archer
1529313,2026,2026-05-24,"Eden Gardens, Kolkata",Delhi Capitals,Kolkata Knight Riders,Delhi Capitals,runs,40.0,Kolkata Knight Riders,field,Kuldeep Yadav
1535462,2026,2026-05-26,"Himachal Pradesh Cricket Association Stadium, Dharamsala",Royal Challengers Bengaluru,Gujarat Titans,Royal Challengers Bengaluru,runs,92.0,Gujarat Titans,field,RM Patidar
1535463,2026,2026-05-27,"Maharaja Yadavindra Singh International Cricket Stadium, New Chandigarh",Rajasthan Royals,Sunrisers Hyderabad,Rajasthan Royals,runs,47.0,Sunrisers Hyderabad,field,V Suryavanshi
1535464,2026,2026-05-29,"Maharaja Yadavindra Singh International Cricket Stadium, New Chandigarh",Rajasthan Royals,Gujarat Titans,Gujarat Titans,wickets,7.0,Rajasthan Royals,bat,Shubman Gill
1535465,2026,2026-05-31,"Narendra Modi Stadium, Ahmedabad",Gujarat Titans,Royal Challengers Bengaluru,Royal Challengers Bengaluru,wickets,5.0,Royal Challengers Bengaluru,field,V Kohli
335982,,2008-04-18,M Chinnaswamy Stadium,Royal Challengers Bangalore,Kolkata Knight Riders,Kolkata Knight Riders,runs,140.0,Royal Challengers Bangalore,field,BB McCullum
335983,,2008-04-19,"Punjab Cricket Association Stadium, Mohali",Kings XI Punjab,Chennai Super Kings,Chennai Super Kings,runs,33.0,Chennai Super Kings,bat,MEK Hussey
335984,,2008-04-19,Feroz Shah Kotla,Delhi Daredevils,Rajasthan Royals,Delhi Daredevils,wickets,9.0,Rajasthan Royals,bat,MF Maharoof
335985,,2008-04-20,Wankhede Stadium,Mumbai Indians,Royal Challengers Bangalore,Royal Challengers Bangalore,wickets,5.0,Mumbai Indians,bat,MV Boucher
335986,,2008-04-20,Eden Gardens,Kolkata Knight Riders,Deccan Chargers,Kolkata Knight Riders,wickets,5.0,Deccan Chargers,bat,DJ Hussey
335987,,2008-04-21,Sawai Mansingh Stadium,Rajasthan Royals,Kings XI Punjab,Rajasthan Royals,wickets,6.0,Kings XI Punjab,bat,SR Watson
335988,,2008-04-22,"Rajiv Gandhi International Stadium, Uppal",Deccan Chargers,Delhi Daredevils,Delhi Daredevils,wickets,9.0,Deccan Chargers,bat,V Sehwag
335989,,2008-04-23,"MA Chidambaram Stadium, Chepauk",Chennai Super Kings,Mumbai Indians,Chennai Super Kings,runs,6.0,Mumbai Indians,field,ML Hayden
335990,,2008-04-24,"Rajiv Gandhi International Stadium, Uppal",Deccan Chargers,Rajasthan Royals,Rajasthan Royals,wickets,3.0,Rajasthan Royals,field,YK Pathan
335991,,2008-04-25,"Punjab Cricket Association Stadium, Mohali",Kings XI Punjab,Mumbai Indians,Kings XI Punjab,runs,66.0,Mumbai Indians,field,KC Sangakkara
335992,,2008-04-26,M Chinnaswamy Stadium,Royal Challengers Bangalore,Rajasthan Royals,Rajasthan Royals,wickets,7.0,Rajasthan Royals,field,SR Watson
335993,,2008-04-26,"MA Chidambaram Stadium, Chepauk",Chennai Super Kings,Kolkata Knight Riders,Chennai Super Kings,wickets,9.0,Kolkata Knight Riders,bat,JDP Oram
335994,,2008-04-27,Dr DY Patil Sports Academy,Mumbai Indians,Deccan Chargers,Deccan Chargers,wickets,10.0,Deccan Chargers,field,AC Gilchrist
335995,,2008-04-27,"Punjab Cricket Association Stadium, Mohali",Kings XI Punjab,Delhi Daredevils,Kings XI Punjab,wickets,4.0,Delhi Daredevils,bat,SM Katich
335996,,2008-04-28,M Chinnaswamy Stadium,Royal Challengers Bangalore,Chennai Super Kings,Chennai Super Kings,runs,13.0,Chennai Super Kings,bat,MS Dhoni
335997,,2008-04-29,Eden Gardens,Kolkata Knight Riders,Mumbai Indians,Mumbai Indians,wickets,7.0,Kolkata Knight Riders,bat,ST Jayasuriya
335998,,2008-04-30,Feroz Shah Kotla,Delhi Daredevils,Royal Challengers Bangalore,Delhi Daredevils,runs,10.0,Royal Challengers Bangalore,field,GD McGrath
335999,,2008-05-01,"Rajiv Gandhi International Stadium, Uppal",Deccan Chargers,Kings XI Punjab,Kings XI Punjab,wickets,7.0,Kings XI Punjab,field,SE Marsh
336000,,2008-05-01,Sawai Mansingh Stadium,Rajasthan Royals,Kolkata Knight Riders,Rajasthan Royals,runs,45.0,Rajasthan Royals,bat,SA Asnodkar
336001,,2008-05-02,"MA Chidambaram Stadium, Chepauk",Chennai Super Kings,Delhi Daredevils,Delhi Daredevils,wickets,8.0,Chennai Super Kings,bat,V Sehwag
336002,,2008-05-25,"Rajiv Gandhi International Stadium, Uppal",Deccan Chargers,Royal Challengers Bangalore,Royal Challengers Bangalore,wickets,5.0,Deccan Chargers,bat,R Vinay Kumar
336003,,2008-05-03,"Punjab Cricket Association Stadium, Mohali",Kings XI Punjab,Kolkata Knight Riders,Kings XI Punjab,runs,9.0,Kings XI Punjab,bat,IK Pathan
336004,,2008-05-04,Dr DY Patil Sports Academy,Mumbai Indians,Delhi Daredevils,Mumbai Indians,runs,29.0,Delhi Daredevils,field,SM Pollock
336005,,2008-05-04,Sawai Mansingh Stadium,Rajasthan Royals,Chennai Super Kings,Rajasthan Royals,wickets,8.0,Chennai Super Kings,bat,Sohail Tanvir
336006,,2008-05-05,M Chinnaswamy Stadium,Royal Challengers Bangalore,Kings XI Punjab,Kings XI Punjab,wickets,6.0,Kings XI Punjab,field,S Sreesanth
336007,,2008-05-06,"MA Chidambaram Stadium, Chepauk",Chennai Super Kings,Deccan Chargers,Deccan Chargers,wickets,7.0,Deccan Chargers,field,AC Gilchrist
336008,,2008-05-07,Dr DY Patil Sports Academy,Mumbai Indians,Rajasthan Royals,Mumbai Indians,wickets,7.0,Mumbai Indians,field,A Nehra
336009,,2008-05-08,Feroz Shah Kotla,Delhi Daredevils,Chennai Super Kings,Chennai Super Kings,wickets,4.0,Chennai Super Kings,field,MS Dhoni
336010,,2008-05-08,Eden Gardens,Kolkata Knight Riders,Royal Challengers Bangalore,Kolkata Knight Riders,runs,5.0,Kolkata Knight Riders,bat,SC Ganguly
336011,,2008-05-09,Sawai Mansingh Stadium,Rajasthan Royals,Deccan Chargers,Rajasthan Royals,wickets,8.0,Rajasthan Royals,field,YK Pathan
336012,,2008-05-28,M Chinnaswamy Stadium,Royal Challengers Bangalore,Mumbai Indians,Mumbai Indians,wickets,9.0,Mumbai Indians,field,CRD Fernando
336013,,2008-05-10,"MA Chidambaram Stadium, Chepauk",Chennai Super Kings,Kings XI Punjab,Chennai Super Kings,runs,18.0,Kings XI Punjab,field,L Balaji
336014,,2008-05-11,"Rajiv Gandhi International Stadium, Uppal",Deccan Chargers,Kolkata Knight Riders,Kolkata Knight Riders,runs,23.0,Kolkata Knight Riders,bat,SC Ganguly
336015,,2008-05-11,Sawai Mansingh Stadium,Rajasthan Royals,Delhi Daredevils,Rajasthan Royals,wickets,3.0,Rajasthan Royals,field,SR Watson
336016,,2008-05-12,"Punjab Cricket Association Stadium, Mohali",Kings XI Punjab,Royal Challengers Bangalore,Kings XI Punjab,wickets,9.0,Royal Challengers Bangalore,bat,SE Marsh
336017,,2008-05-13,Eden Gardens,Kolkata Knight Riders,Delhi Daredevils,Kolkata Knight Riders,runs,23.0,Kolkata Knight Riders,bat,Shoaib Akhtar
336018,,2008-05-14,Wankhede Stadium,Mumbai Indians,Chennai Super Kings,Mumbai Indians,wickets,9.0,Mumbai Indians,field,ST Jayasuriya
336019,,2008-05-28,"Punjab Cricket Association Stadium, Mohali",Kings XI Punjab,Rajasthan Royals,Kings XI Punjab,runs,41.0,Rajasthan Royals,field,SE Marsh
336020,,2008-05-15,Feroz Shah Kotla,Delhi Daredevils,Deccan Chargers,Delhi Daredevils,runs,12.0,Deccan Chargers,field,A Mishra
336021,,2008-05-16,Wankhede Stadium,Mumbai Indians,Kolkata Knight Riders,Mumbai Indians,wickets,8.0,Mumbai Indians,field,SM Pollock
336022,,2008-05-17,Feroz Shah Kotla,Delhi Daredevils,Kings XI Punjab,Kings XI Punjab,runs,6.0,Delhi Daredevils,bat,DPMD Jayawardene
336023,,2008-05-17,Sawai Mansingh Stadium,Rajasthan Royals,Royal Challengers Bangalore,Rajasthan Royals,runs,65.0,Royal Challengers Bangalore,field,GC Smith
336024,,2008-05-18,"Rajiv Gandhi International Stadium, Uppal",Deccan Chargers,Mumbai Indians,Mumbai Indians,runs,25.0,Deccan Chargers,field,DJ Bravo
336025,,2008-05-18,Eden Gardens,Kolkata Knight Riders,Chennai Super Kings,Chennai Super Kings,runs,3.0,Kolkata Knight Riders,bat,M Ntini
336026,,2008-05-19,M Chinnaswamy Stadium,Royal Challengers Bangalore,Delhi Daredevils,Delhi Daredevils,wickets,5.0,Delhi Daredevils,field,SP Goswami
336027,,2008-05-20,Eden Gardens,Kolkata Knight Riders,Rajasthan Royals,Rajasthan Royals,wickets,6.0,Rajasthan Royals,field,YK Pathan
336028,,2008-05-21,Wankhede Stadium,Mumbai Indians,Kings XI Punjab,Kings XI Punjab,runs,1.0,Mumbai Indians,field,SE Marsh
336029,,2008-05-21,"MA Chidambaram Stadium, Chepauk",Chennai Super Kings,Royal Challengers Bangalore,Royal Challengers Bangalore,runs,14.0,Royal Challengers Bangalore,bat,A Kumble
336031,,2008-05-23,"Punjab Cricket Association Stadium, Mohali",Kings XI Punjab,Deccan Chargers,Kings XI Punjab,wickets,6.0,Kings XI Punjab,field,SE Marsh
336032,,2008-05-24,Feroz Shah Kotla,Delhi Daredevils,Mumbai Indians,Delhi Daredevils,wickets,5.0,Delhi Daredevils,field,KD Karthik
336033,,2008-05-24,"MA Chidambaram Stadium, Chepauk",Chennai Super Kings,Rajasthan Royals,Rajasthan Royals,runs,10.0,Rajasthan Royals,bat,JA Morkel
336034,,2008-05-03,M Chinnaswamy Stadium,Royal Challengers Bangalore,Deccan Chargers,Royal Challengers Bangalore,runs,3.0,Deccan Chargers,field,P Kumar
336035,,2008-05-25,Eden Gardens,Kolkata Knight Riders,Kings XI Punjab,Kolkata Knight Riders,wickets,3.0,Kings XI Punjab,bat,Umar Gul
336036,,2008-05-26,Sawai Mansingh Stadium,Rajasthan Royals,Mumbai Indians,Rajasthan Royals,wickets,5.0,Rajasthan Royals,field,Sohail Tanvir
336037,,2008-05-27,"Rajiv Gandhi International Stadium, Uppal",Deccan Chargers,Chennai Super Kings,Chennai Super Kings,wickets,7.0,Deccan Chargers,bat,SK Raina
336038,,2008-05-30,Wankhede Stadium,Delhi Daredevils,Rajasthan Royals,Rajasthan Royals,runs,105.0,Delhi Daredevils,field,SR Watson
336039,,2008-05-31,Wankhede Stadium,Chennai Super Kings,Kings XI Punjab,Chennai Super Kings,wickets,9.0,Kings XI Punjab,bat,M Ntini
336040,,2008-06-01,Dr DY Patil Sports Academy,Chennai Super Kings,Rajasthan Royals,Rajasthan Royals,wickets,3.0,Rajasthan Royals,field,YK Pathan
392181,2009,2009-04-18,Newlands,Chennai Super Kings,Mumbai Indians,Mumbai Indians,runs,19.0,Chennai Super Kings,field,SR Tendulkar
392182,2009,2009-04-18,Newlands,Royal Challengers Bangalore,Rajasthan Royals,Royal Challengers Bangalore,runs,75.0,Royal Challengers Bangalore,bat,R Dravid
392183,2009,2009-04-19,Newlands,Delhi Daredevils,Kings XI Punjab,Delhi Daredevils,wickets,10.0,Delhi Daredevils,field,DL Vettori
392184,2009,2009-04-19,Newlands,Deccan Chargers,Kolkata Knight Riders,Deccan Chargers,wickets,8.0,Kolkata Knight Riders,bat,RP Singh
392185,2009,2009-04-20,St George's Park,Royal Challengers Bangalore,Chennai Super Kings,Chennai Super Kings,runs,92.0,Chennai Super Kings,bat,M Muralitharan
392186,2009,2009-04-21,Kingsmead,Kings XI Punjab,Kolkata Knight Riders,Kolkata Knight Riders,runs,11.0,Kolkata Knight Riders,field,CH Gayle
392188,2009,2009-04-22,Newlands,Royal Challengers Bangalore,Deccan Chargers,Deccan Chargers,runs,24.0,Deccan Chargers,bat,AC Gilchrist
392189,2009,2009-04-23,Kingsmead,Chennai Super Kings,Delhi Daredevils,Delhi Daredevils,runs,9.0,Delhi Daredevils,bat,AB de Villiers
392190,2009,2009-04-23,Newlands,Kolkata Knight Riders,Rajasthan Royals,,,,Kolkata Knight Riders,field,YK Pathan
392191,2009,2009-04-24,Kingsmead,Royal Challengers Bangalore,Kings XI Punjab,Kings XI Punjab,wickets,7.0,Royal Challengers Bangalore,bat,RS Bopara
392192,2009,2009-04-25,Kingsmead,Deccan Chargers,Mumbai Indians,Deccan Chargers,runs,12.0,Deccan Chargers,bat,PP Ojha
392194,2009,2009-04-26,St George's Park,Royal Challengers Bangalore,Delhi Daredevils,Delhi Daredevils,wickets,6.0,Royal Challengers Bangalore,bat,TM Dilshan
392195,2009,2009-04-26,Newlands,Kings XI Punjab,Rajasthan Royals,Kings XI Punjab,runs,27.0,Kings XI Punjab,bat,KC Sangakkara
392196,2009,2009-04-27,Kingsmead,Chennai Super Kings,Deccan Chargers,Deccan Chargers,wickets,6.0,Deccan Chargers,field,HH Gibbs
392197,2009,2009-04-27,St George's Park,Kolkata Knight Riders,Mumbai Indians,Mumbai Indians,runs,92.0,Mumbai Indians,bat,SR Tendulkar
392198,2009,2009-04-28,SuperSport Park,Delhi Daredevils,Rajasthan Royals,Rajasthan Royals,wickets,5.0,Delhi Daredevils,bat,YK Pathan
392199,2009,2009-04-29,Kingsmead,Royal Challengers Bangalore,Kolkata Knight Riders,Royal Challengers Bangalore,wickets,5.0,Kolkata Knight Riders,bat,MV Boucher
392200,2009,2009-04-29,Kingsmead,Kings XI Punjab,Mumbai Indians,Kings XI Punjab,runs,3.0,Kings XI Punjab,bat,KC Sangakkara
392201,2009,2009-04-30,SuperSport Park,Deccan Chargers,Delhi Daredevils,Delhi Daredevils,wickets,6.0,Delhi Daredevils,field,DP Nannes
392202,2009,2009-04-30,SuperSport Park,Chennai Super Kings,Rajasthan Royals,Chennai Super Kings,runs,38.0,Rajasthan Royals,field,SK Raina
392203,2009,2009-05-01,Buffalo Park,Kolkata Knight Riders,Mumbai Indians,Mumbai Indians,runs,9.0,Mumbai Indians,bat,JP Duminy
392204,2009,2009-05-01,Kingsmead,Royal Challengers Bangalore,Kings XI Punjab,Royal Challengers Bangalore,runs,8.0,Royal Challengers Bangalore,bat,Yuvraj Singh
392205,2009,2009-05-02,St George's Park,Deccan Chargers,Rajasthan Royals,Rajasthan Royals,wickets,3.0,Deccan Chargers,bat,YK Pathan
392206,2009,2009-05-02,New Wanderers Stadium,Chennai Super Kings,Delhi Daredevils,Chennai Super Kings,runs,18.0,Delhi Daredevils,field,SB Jakati
392207,2009,2009-05-03,St George's Park,Kings XI Punjab,Kolkata Knight Riders,Kings XI Punjab,wickets,6.0,Kolkata Knight Riders,bat,DPMD Jayawardene
392208,2009,2009-05-03,New Wanderers Stadium,Royal Challengers Bangalore,Mumbai Indians,Royal Challengers Bangalore,wickets,9.0,Mumbai Indians,bat,JH Kallis
392209,2009,2009-05-04,Buffalo Park,Chennai Super Kings,Deccan Chargers,Chennai Super Kings,runs,78.0,Chennai Super Kings,bat,MS Dhoni
392210,2009,2009-05-05,Kingsmead,Kings XI Punjab,Rajasthan Royals,Rajasthan Royals,runs,78.0,Kings XI Punjab,field,GC Smith
392211,2009,2009-05-05,Kingsmead,Delhi Daredevils,Kolkata Knight Riders,Delhi Daredevils,wickets,9.0,Kolkata Knight Riders,bat,G Gambhir
392212,2009,2009-05-06,SuperSport Park,Deccan Chargers,Mumbai Indians,Deccan Chargers,runs,19.0,Deccan Chargers,bat,RG Sharma
392213,2009,2009-05-07,SuperSport Park,Royal Challengers Bangalore,Rajasthan Royals,Rajasthan Royals,wickets,7.0,Rajasthan Royals,field,A Singh
392214,2009,2009-05-07,SuperSport Park,Chennai Super Kings,Kings XI Punjab,Chennai Super Kings,runs,12.0,Chennai Super Kings,bat,ML Hayden
392215,2009,2009-05-08,Buffalo Park,Delhi Daredevils,Mumbai Indians,Delhi Daredevils,wickets,7.0,Mumbai Indians,bat,A Nehra
392216,2009,2009-05-09,De Beers Diamond Oval,Deccan Chargers,Kings XI Punjab,Kings XI Punjab,wickets,3.0,Kings XI Punjab,field,DPMD Jayawardene
392217,2009,2009-05-09,De Beers Diamond Oval,Chennai Super Kings,Rajasthan Royals,Chennai Super Kings,wickets,7.0,Rajasthan Royals,bat,S Badrinath
392218,2009,2009-05-10,St George's Park,Royal Challengers Bangalore,Mumbai Indians,Mumbai Indians,runs,16.0,Mumbai Indians,bat,JP Duminy
392219,2009,2009-05-10,New Wanderers Stadium,Delhi Daredevils,Kolkata Knight Riders,Delhi Daredevils,wickets,7.0,Delhi Daredevils,field,A Mishra
392220,2009,2009-05-11,De Beers Diamond Oval,Deccan Chargers,Rajasthan Royals,Deccan Chargers,runs,53.0,Deccan Chargers,bat,DR Smith
392221,2009,2009-05-12,SuperSport Park,Royal Challengers Bangalore,Kolkata Knight Riders,Royal Challengers Bangalore,wickets,6.0,Royal Challengers Bangalore,field,LRPL Taylor
392222,2009,2009-05-12,SuperSport Park,Kings XI Punjab,Mumbai Indians,Mumbai Indians,wickets,8.0,Kings XI Punjab,bat,Harbhajan Singh
392223,2009,2009-05-13,Kingsmead,Deccan Chargers,Delhi Daredevils,Delhi Daredevils,runs,12.0,Deccan Chargers,field,R Bhatia
392224,2009,2009-05-14,Kingsmead,Royal Challengers Bangalore,Chennai Super Kings,Royal Challengers Bangalore,wickets,2.0,Chennai Super Kings,bat,LRPL Taylor
392225,2009,2009-05-14,Kingsmead,Mumbai Indians,Rajasthan Royals,Rajasthan Royals,runs,2.0,Rajasthan Royals,bat,SK Warne
392226,2009,2009-05-15,OUTsurance Oval,Delhi Daredevils,Kings XI Punjab,Kings XI Punjab,wickets,6.0,Kings XI Punjab,field,B Lee
392227,2009,2009-05-16,St George's Park,Chennai Super Kings,Mumbai Indians,Chennai Super Kings,wickets,7.0,Mumbai Indians,bat,ML Hayden
392228,2009,2009-05-16,New Wanderers Stadium,Deccan Chargers,Kolkata Knight Riders,Deccan Chargers,wickets,6.0,Deccan Chargers,field,RG Sharma
392229,2009,2009-05-17,New Wanderers Stadium,Deccan Chargers,Kings XI Punjab,Kings XI Punjab,runs,1.0,Deccan Chargers,field,Yuvraj Singh
392230,2009,2009-05-17,OUTsurance Oval,Delhi Daredevils,Rajasthan Royals,Delhi Daredevils,runs,14.0,Delhi Daredevils,bat,AB de Villiers
392231,2009,2009-05-18,SuperSport Park,Chennai Super Kings,Kolkata Knight Riders,Kolkata Knight Riders,wickets,7.0,Chennai Super Kings,bat,BJ Hodge
392232,2009,2009-05-19,New Wanderers Stadium,Royal Challengers Bangalore,Delhi Daredevils,Royal Challengers Bangalore,wickets,7.0,Delhi Daredevils,bat,JH Kallis
392233,2009,2009-05-20,Kingsmead,Kolkata Knight Riders,Rajasthan Royals,Kolkata Knight Riders,wickets,4.0,Kolkata Knight Riders,field,LR Shukla
392234,2009,2009-05-20,Kingsmead,Chennai Super Kings,Kings XI Punjab,Chennai Super Kings,runs,24.0,Chennai Super Kings,bat,M Muralitharan
392235,2009,2009-05-21,SuperSport Park,Delhi Daredevils,Mumbai Indians,Delhi Daredevils,wickets,4.0,Delhi Daredevils,field,V Sehwag
392236,2009,2009-05-21,SuperSport Park,Royal Challengers Bangalore,Deccan Chargers,Royal Challengers Bangalore,runs,12.0,Royal Challengers Bangalore,bat,MK Pandey
392237,2009,2009-05-22,SuperSport Park,Delhi Daredevils,Deccan Chargers,Deccan Chargers,wickets,6.0,Deccan Chargers,field,AC Gilchrist
392238,2009,2009-05-23,New Wanderers Stadium,Royal Challengers Bangalore,Chennai Super Kings,Royal Challengers Bangalore,wickets,6.0,Royal Challengers Bangalore,field,MK Pandey
392239,2009,2009-05-24,New Wanderers Stadium,Royal Challengers Bangalore,Deccan Chargers,Deccan Chargers,runs,6.0,Royal Challengers Bangalore,field,A Kumble
419106,,2010-03-12,Dr DY Patil Sports Academy,Deccan Chargers,Kolkata Knight Riders,Kolkata Knight Riders,runs,11.0,Deccan Chargers,field,AD Mathews
419107,,2010-03-13,Brabourne Stadium,Mumbai Indians,Rajasthan Royals,Mumbai Indians,runs,4.0,Mumbai Indians,bat,YK Pathan
419108,,2010-03-13,"Punjab Cricket Association Stadium, Mohali",Kings XI Punjab,Delhi Daredevils,Delhi Daredevils,wickets,5.0,Delhi Daredevils,field,G Gambhir
419109,,2010-03-14,Eden Gardens,Kolkata Knight Riders,Royal Challengers Bangalore,Kolkata Knight Riders,wickets,7.0,Kolkata Knight Riders,field,MK Tiwary
419110,,2010-03-14,"MA Chidambaram Stadium, Chepauk",Chennai Super Kings,Deccan Chargers,Deccan Chargers,runs,31.0,Deccan Chargers,bat,WPUJC Vaas
419111,,2010-03-15,"Sardar Patel Stadium, Motera",Rajasthan Royals,Delhi Daredevils,Delhi Daredevils,wickets,6.0,Delhi Daredevils,field,V Sehwag
419112,,2010-03-16,M Chinnaswamy Stadium,Royal Challengers Bangalore,Kings XI Punjab,Royal Challengers Bangalore,wickets,8.0,Kings XI Punjab,bat,JH Kallis
419113,,2010-03-16,Eden Gardens,Kolkata Knight Riders,Chennai Super Kings,Chennai Super Kings,runs,55.0,Chennai Super Kings,bat,MS Dhoni
419114,,2010-03-17,Feroz Shah Kotla,Delhi Daredevils,Mumbai Indians,Mumbai Indians,runs,98.0,Delhi Daredevils,field,SR Tendulkar
419115,,2010-03-18,M Chinnaswamy Stadium,Royal Challengers Bangalore,Rajasthan Royals,Royal Challengers Bangalore,wickets,10.0,Royal Challengers Bangalore,field,JH Kallis
419116,,2010-03-19,Feroz Shah Kotla,Delhi Daredevils,Chennai Super Kings,Chennai Super Kings,wickets,5.0,Delhi Daredevils,bat,ML Hayden
419117,,2010-03-19,Barabati Stadium,Deccan Chargers,Kings XI Punjab,Deccan Chargers,runs,6.0,Kings XI Punjab,field,A Symonds
419118,,2010-03-20,"Sardar Patel Stadium, Motera",Rajasthan Royals,Kolkata Knight Riders,Rajasthan Royals,runs,34.0,Rajasthan Royals,bat,AA Jhunjhunwala
419119,,2010-03-20,Brabourne Stadium,Mumbai Indians,Royal Challengers Bangalore,Royal Challengers Bangalore,wickets,7.0,Mumbai Indians,bat,JH Kallis
419120,,2010-03-21,Barabati Stadium,Deccan Chargers,Delhi Daredevils,Deccan Chargers,runs,10.0,Deccan Chargers,bat,A Symonds
419121,,2010-03-21,"MA Chidambaram Stadium, Chepauk",Chennai Super Kings,Kings XI Punjab,,,,Chennai Super Kings,field,J Theron
419122,,2010-03-22,Brabourne Stadium,Mumbai Indians,Kolkata Knight Riders,Mumbai Indians,wickets,7.0,Kolkata Knight Riders,bat,SR Tendulkar
419123,,2010-03-23,M Chinnaswamy Stadium,Royal Challengers Bangalore,Chennai Super Kings,Royal Challengers Bangalore,runs,36.0,Chennai Super Kings,field,RV Uthappa
419124,,2010-03-24,"Punjab Cricket Association Stadium, Mohali",Kings XI Punjab,Rajasthan Royals,Rajasthan Royals,runs,31.0,Kings XI Punjab,field,AC Voges
419125,,2010-03-25,"Brabourne Stadium, Mumbai",Chennai Super Kings,Mumbai Indians,Mumbai Indians,wickets,5.0,Mumbai Indians,field,SR Tendulkar
419126,,2010-03-26,"Sardar Patel Stadium, Motera",Rajasthan Royals,Deccan Chargers,Rajasthan Royals,wickets,8.0,Deccan Chargers,bat,YK Pathan
419127,,2010-03-27,"Punjab Cricket Association Stadium, Mohali",Kings XI Punjab,Kolkata Knight Riders,Kolkata Knight Riders,runs,39.0,Kolkata Knight Riders,bat,MK Tiwary
419128,,2010-03-25,M Chinnaswamy Stadium,Royal Challengers Bangalore,Delhi Daredevils,Delhi Daredevils,runs,17.0,Royal Challengers Bangalore,field,KM Jadhav
419129,,2010-03-28,"Sardar Patel Stadium, Motera",Rajasthan Royals,Chennai Super Kings,Rajasthan Royals,runs,17.0,Rajasthan Royals,bat,NV Ojha
419130,,2010-03-28,Dr DY Patil Sports Academy,Deccan Chargers,Mumbai Indians,Mumbai Indians,runs,41.0,Deccan Chargers,field,Harbhajan Singh
419131,,2010-03-29,Feroz Shah Kotla,Delhi Daredevils,Kolkata Knight Riders,Delhi Daredevils,runs,40.0,Delhi Daredevils,bat,DA Warner
419132,,2010-03-30,Brabourne Stadium,Mumbai Indians,Kings XI Punjab,Mumbai Indians,wickets,4.0,Mumbai Indians,field,SL Malinga
419133,,2010-03-31,"MA Chidambaram Stadium, Chepauk",Chennai Super Kings,Royal Challengers Bangalore,Chennai Super Kings,wickets,5.0,Royal Challengers Bangalore,bat,M Vijay
419134,,2010-03-31,Feroz Shah Kotla,Delhi Daredevils,Rajasthan Royals,Delhi Daredevils,runs,67.0,Delhi Daredevils,bat,KD Karthik
419135,,2010-04-01,Eden Gardens,Kolkata Knight Riders,Deccan Chargers,Kolkata Knight Riders,runs,24.0,Kolkata Knight Riders,bat,SC Ganguly
419136,,2010-04-02,"Punjab Cricket Association Stadium, Mohali",Kings XI Punjab,Royal Challengers Bangalore,Royal Challengers Bangalore,wickets,6.0,Kings XI Punjab,bat,KP Pietersen
419137,,2010-04-03,"MA Chidambaram Stadium, Chepauk",Chennai Super Kings,Rajasthan Royals,Chennai Super Kings,runs,23.0,Chennai Super Kings,bat,M Vijay
419138,,2010-04-03,Brabourne Stadium,Mumbai Indians,Deccan Chargers,Mumbai Indians,runs,63.0,Mumbai Indians,bat,AT Rayudu
419139,,2010-04-04,Eden Gardens,Kolkata Knight Riders,Kings XI Punjab,Kings XI Punjab,wickets,8.0,Kolkata Knight Riders,bat,DPMD Jayawardene
419140,,2010-04-04,Feroz Shah Kotla,Delhi Daredevils,Royal Challengers Bangalore,Delhi Daredevils,runs,37.0,Delhi Daredevils,bat,PD Collingwood
419141,,2010-04-05,"Vidarbha Cricket Association Stadium, Jamtha",Deccan Chargers,Rajasthan Royals,Rajasthan Royals,runs,2.0,Rajasthan Royals,bat,SK Warne
419142,,2010-04-06,"MA Chidambaram Stadium, Chepauk",Chennai Super Kings,Mumbai Indians,Chennai Super Kings,runs,24.0,Chennai Super Kings,bat,SK Raina
419143,,2010-04-07,Sawai Mansingh Stadium,Rajasthan Royals,Kings XI Punjab,Rajasthan Royals,wickets,9.0,Kings XI Punjab,bat,MJ Lumb
419144,,2010-04-07,Eden Gardens,Kolkata Knight Riders,Delhi Daredevils,Kolkata Knight Riders,runs,14.0,Kolkata Knight Riders,bat,SC Ganguly
419145,,2010-04-08,M Chinnaswamy Stadium,Royal Challengers Bangalore,Deccan Chargers,Deccan Chargers,wickets,7.0,Deccan Chargers,field,TL Suman
419146,,2010-04-09,"Punjab Cricket Association Stadium, Mohali",Kings XI Punjab,Mumbai Indians,Kings XI Punjab,wickets,6.0,Mumbai Indians,bat,KC Sangakkara
419147,,2010-04-10,"Vidarbha Cricket Association Stadium, Jamtha",Deccan Chargers,Chennai Super Kings,Deccan Chargers,wickets,6.0,Chennai Super Kings,bat,RJ Harris
419148,,2010-04-10,M Chinnaswamy Stadium,Royal Challengers Bangalore,Kolkata Knight Riders,Royal Challengers Bangalore,wickets,7.0,Royal Challengers Bangalore,field,R Vinay Kumar
419149,,2010-04-11,Feroz Shah Kotla,Delhi Daredevils,Kings XI Punjab,Kings XI Punjab,wickets,7.0,Delhi Daredevils,bat,PP Chawla
419150,,2010-04-11,Sawai Mansingh Stadium,Rajasthan Royals,Mumbai Indians,Mumbai Indians,runs,37.0,Rajasthan Royals,field,SR Tendulkar
419151,,2010-04-12,"Vidarbha Cricket Association Stadium, Jamtha",Deccan Chargers,Royal Challengers Bangalore,Deccan Chargers,runs,13.0,Royal Challengers Bangalore,field,Harmeet Singh
419152,,2010-04-13,Brabourne Stadium,Mumbai Indians,Delhi Daredevils,Mumbai Indians,runs,39.0,Mumbai Indians,bat,KA Pollard
419153,,2010-04-13,"MA Chidambaram Stadium, Chepauk",Chennai Super Kings,Kolkata Knight Riders,Chennai Super Kings,wickets,9.0,Kolkata Knight Riders,bat,R Ashwin
419154,,2010-04-14,Sawai Mansingh Stadium,Rajasthan Royals,Royal Challengers Bangalore,Royal Challengers Bangalore,wickets,5.0,Rajasthan Royals,bat,KP Pietersen
419155,,2010-04-15,"MA Chidambaram Stadium, Chepauk",Chennai Super Kings,Delhi Daredevils,Delhi Daredevils,wickets,6.0,Chennai Super Kings,bat,G Gambhir
419156,,2010-04-16,Himachal Pradesh Cricket Association Stadium,Kings XI Punjab,Deccan Chargers,Deccan Chargers,wickets,5.0,Deccan Chargers,field,RG Sharma
419157,,2010-04-17,M Chinnaswamy Stadium,Royal Challengers Bangalore,Mumbai Indians,Mumbai Indians,runs,57.0,Royal Challengers Bangalore,field,R McLaren
419158,,2010-04-17,Eden Gardens,Kolkata Knight Riders,Rajasthan Royals,Kolkata Knight Riders,wickets,8.0,Rajasthan Royals,bat,JD Unadkat
419159,,2010-04-18,Himachal Pradesh Cricket Association Stadium,Kings XI Punjab,Chennai Super Kings,Chennai Super Kings,wickets,6.0,Chennai Super Kings,field,MS Dhoni
419160,,2010-04-18,Feroz Shah Kotla,Delhi Daredevils,Deccan Chargers,Deccan Chargers,runs,11.0,Deccan Chargers,bat,A Symonds
419161,,2010-04-19,Eden Gardens,Kolkata Knight Riders,Mumbai Indians,Kolkata Knight Riders,wickets,9.0,Mumbai Indians,bat,M Kartik
419162,,2010-04-21,Dr DY Patil Sports Academy,Royal Challengers Bangalore,Mumbai Indians,Mumbai Indians,runs,35.0,Mumbai Indians,bat,KA Pollard
419163,,2010-04-22,Dr DY Patil Sports Academy,Chennai Super Kings,Deccan Chargers,Chennai Super Kings,runs,38.0,Chennai Super Kings,bat,DE Bollinger
419164,,2010-04-24,Dr DY Patil Sports Academy,Royal Challengers Bangalore,Deccan Chargers,Royal Challengers Bangalore,wickets,9.0,Deccan Chargers,bat,A Kumble
419165,,2010-04-25,Dr DY Patil Sports Academy,Chennai Super Kings,Mumbai Indians,Chennai Super Kings,runs,22.0,Chennai Super Kings,bat,SK Raina
501198,2011,2011-04-08,"MA Chidambaram Stadium, Chepauk",Chennai Super Kings,Kolkata Knight Riders,Chennai Super Kings,runs,2.0,Chennai Super Kings,bat,S Anirudha
501199,2011,2011-04-09,"Rajiv Gandhi International Stadium, Uppal",Deccan Chargers,Rajasthan Royals,Rajasthan Royals,wickets,8.0,Rajasthan Royals,field,SK Trivedi
501200,2011,2011-04-09,Nehru Stadium,Kochi Tuskers Kerala,Royal Challengers Bangalore,Royal Challengers Bangalore,wickets,6.0,Kochi Tuskers Kerala,bat,AB de Villiers
501201,2011,2011-04-10,Feroz Shah Kotla,Delhi Daredevils,Mumbai Indians,Mumbai Indians,wickets,8.0,Delhi Daredevils,bat,SL Malinga
501202,2011,2011-04-10,Dr DY Patil Sports Academy,Pune Warriors,Kings XI Punjab,Pune Warriors,wickets,7.0,Kings XI Punjab,bat,SB Wagh
501203,2011,2011-04-11,Eden Gardens,Kolkata Knight Riders,Deccan Chargers,Kolkata Knight Riders,runs,9.0,Kolkata Knight Riders,bat,JH Kallis
501204,2011,2011-04-12,Sawai Mansingh Stadium,Rajasthan Royals,Delhi Daredevils,Rajasthan Royals,wickets,6.0,Delhi Daredevils,bat,SK Warne
501205,2011,2011-04-12,M Chinnaswamy Stadium,Royal Challengers Bangalore,Mumbai Indians,Mumbai Indians,wickets,9.0,Mumbai Indians,field,SR Tendulkar
501206,2011,2011-04-13,"Punjab Cricket Association Stadium, Mohali",Kings XI Punjab,Chennai Super Kings,Kings XI Punjab,wickets,6.0,Kings XI Punjab,field,PC Valthaty
501207,2011,2011-04-13,Dr DY Patil Sports Academy,Pune Warriors,Kochi Tuskers Kerala,Pune Warriors,wickets,4.0,Kochi Tuskers Kerala,bat,MD Mishra
501208,2011,2011-04-14,"Rajiv Gandhi International Stadium, Uppal",Deccan Chargers,Royal Challengers Bangalore,Deccan Chargers,runs,33.0,Royal Challengers Bangalore,field,DW Steyn
501209,2011,2011-04-15,Sawai Mansingh Stadium,Rajasthan Royals,Kolkata Knight Riders,Kolkata Knight Riders,wickets,9.0,Kolkata Knight Riders,field,G Gambhir
501210,2011,2011-04-15,Wankhede Stadium,Mumbai Indians,Kochi Tuskers Kerala,Kochi Tuskers Kerala,wickets,8.0,Kochi Tuskers Kerala,field,BB McCullum
501211,2011,2011-04-16,"MA Chidambaram Stadium, Chepauk",Chennai Super Kings,Royal Challengers Bangalore,Chennai Super Kings,runs,21.0,Chennai Super Kings,bat,MEK Hussey
501212,2011,2011-04-16,"Rajiv Gandhi International Stadium, Uppal",Deccan Chargers,Kings XI Punjab,Kings XI Punjab,wickets,8.0,Kings XI Punjab,field,PC Valthaty
501213,2011,2011-04-17,Dr DY Patil Sports Academy,Pune Warriors,Delhi Daredevils,Delhi Daredevils,wickets,3.0,Delhi Daredevils,field,Yuvraj Singh
501214,2011,2011-04-17,Eden Gardens,Kolkata Knight Riders,Rajasthan Royals,Kolkata Knight Riders,wickets,8.0,Kolkata Knight Riders,field,L Balaji
501215,2011,2011-04-18,Nehru Stadium,Kochi Tuskers Kerala,Chennai Super Kings,Kochi Tuskers Kerala,wickets,7.0,Kochi Tuskers Kerala,field,BB McCullum
501216,2011,2011-04-19,Feroz Shah Kotla,Delhi Daredevils,Deccan Chargers,Deccan Chargers,runs,16.0,Deccan Chargers,bat,S Sohal
501218,2011,2011-04-20,Wankhede Stadium,Mumbai Indians,Pune Warriors,Mumbai Indians,wickets,7.0,Pune Warriors,bat,MM Patel
501219,2011,2011-04-20,Eden Gardens,Kolkata Knight Riders,Kochi Tuskers Kerala,Kochi Tuskers Kerala,runs,6.0,Kolkata Knight Riders,field,DPMD Jayawardene
501220,2011,2011-04-21,"Punjab Cricket Association Stadium, Mohali",Kings XI Punjab,Rajasthan Royals,Kings XI Punjab,runs,48.0,Rajasthan Royals,field,SE Marsh
501221,2011,2011-04-22,Wankhede Stadium,Mumbai Indians,Chennai Super Kings,Mumbai Indians,runs,8.0,Chennai Super Kings,field,Harbhajan Singh
501222,2011,2011-04-22,Eden Gardens,Kolkata Knight Riders,Royal Challengers Bangalore,Royal Challengers Bangalore,wickets,9.0,Royal Challengers Bangalore,field,CH Gayle
501223,2011,2011-04-23,Feroz Shah Kotla,Delhi Daredevils,Kings XI Punjab,Delhi Daredevils,runs,29.0,Kings XI Punjab,field,DA Warner
501224,2011,2011-04-24,"Rajiv Gandhi International Stadium, Uppal",Deccan Chargers,Mumbai Indians,Mumbai Indians,runs,37.0,Deccan Chargers,field,SL Malinga
501225,2011,2011-04-24,Sawai Mansingh Stadium,Rajasthan Royals,Kochi Tuskers Kerala,Rajasthan Royals,wickets,8.0,Rajasthan Royals,field,SK Warne
501226,2011,2011-04-25,"MA Chidambaram Stadium, Chepauk",Chennai Super Kings,Pune Warriors,Chennai Super Kings,runs,25.0,Pune Warriors,field,MEK Hussey
501227,2011,2011-04-26,Feroz Shah Kotla,Delhi Daredevils,Royal Challengers Bangalore,Royal Challengers Bangalore,wickets,3.0,Royal Challengers Bangalore,field,V Kohli
501228,2011,2011-04-27,Dr DY Patil Sports Academy,Pune Warriors,Chennai Super Kings,Chennai Super Kings,wickets,8.0,Pune Warriors,bat,DE Bollinger
501229,2011,2011-04-27,Nehru Stadium,Kochi Tuskers Kerala,Deccan Chargers,Deccan Chargers,runs,55.0,Kochi Tuskers Kerala,field,I Sharma
501230,2011,2011-04-28,Feroz Shah Kotla,Delhi Daredevils,Kolkata Knight Riders,Kolkata Knight Riders,runs,17.0,Delhi Daredevils,field,MK Tiwary
501231,2011,2011-04-29,Sawai Mansingh Stadium,Rajasthan Royals,Mumbai Indians,Rajasthan Royals,wickets,7.0,Rajasthan Royals,field,J Botha
501232,2011,2011-04-29,M Chinnaswamy Stadium,Royal Challengers Bangalore,Pune Warriors,Royal Challengers Bangalore,runs,26.0,Pune Warriors,field,V Kohli
501233,2011,2011-04-30,Nehru Stadium,Kochi Tuskers Kerala,Delhi Daredevils,Delhi Daredevils,runs,38.0,Delhi Daredevils,bat,V Sehwag
501234,2011,2011-04-30,Eden Gardens,Kolkata Knight Riders,Kings XI Punjab,Kolkata Knight Riders,wickets,8.0,Kolkata Knight Riders,field,Iqbal Abdulla
501235,2011,2011-05-01,Sawai Mansingh Stadium,Rajasthan Royals,Pune Warriors,Rajasthan Royals,wickets,6.0,Rajasthan Royals,field,LRPL Taylor
501236,2011,2011-05-01,"MA Chidambaram Stadium, Chepauk",Chennai Super Kings,Deccan Chargers,Chennai Super Kings,runs,19.0,Chennai Super Kings,bat,JA Morkel
501237,2011,2011-05-02,Wankhede Stadium,Mumbai Indians,Kings XI Punjab,Mumbai Indians,runs,23.0,Kings XI Punjab,field,KA Pollard
501238,2011,2011-05-02,Feroz Shah Kotla,Delhi Daredevils,Kochi Tuskers Kerala,Kochi Tuskers Kerala,wickets,7.0,Kochi Tuskers Kerala,field,P Parameswaran
501239,2011,2011-05-03,"Rajiv Gandhi International Stadium, Uppal",Deccan Chargers,Kolkata Knight Riders,Kolkata Knight Riders,runs,20.0,Deccan Chargers,field,YK Pathan
501240,2011,2011-05-04,"MA Chidambaram Stadium, Chepauk",Chennai Super Kings,Rajasthan Royals,Chennai Super Kings,wickets,8.0,Rajasthan Royals,bat,MEK Hussey
501241,2011,2011-05-04,Dr DY Patil Sports Academy,Pune Warriors,Mumbai Indians,Mumbai Indians,runs,21.0,Pune Warriors,field,R Sharma
501242,2011,2011-05-05,Nehru Stadium,Kochi Tuskers Kerala,Kolkata Knight Riders,Kochi Tuskers Kerala,runs,17.0,Kolkata Knight Riders,field,BJ Hodge
501243,2011,2011-05-05,"Rajiv Gandhi International Stadium, Uppal",Deccan Chargers,Delhi Daredevils,Delhi Daredevils,wickets,4.0,Delhi Daredevils,field,V Sehwag
501244,2011,2011-05-06,M Chinnaswamy Stadium,Royal Challengers Bangalore,Kings XI Punjab,Royal Challengers Bangalore,runs,85.0,Kings XI Punjab,field,CH Gayle
501245,2011,2011-05-07,Eden Gardens,Kolkata Knight Riders,Chennai Super Kings,Kolkata Knight Riders,runs,10.0,Chennai Super Kings,bat,Iqbal Abdulla
501246,2011,2011-05-07,Wankhede Stadium,Mumbai Indians,Delhi Daredevils,Mumbai Indians,runs,32.0,Delhi Daredevils,field,AT Rayudu
501247,2011,2011-05-08,M Chinnaswamy Stadium,Royal Challengers Bangalore,Kochi Tuskers Kerala,Royal Challengers Bangalore,wickets,9.0,Kochi Tuskers Kerala,bat,CH Gayle
501248,2011,2011-05-08,"Punjab Cricket Association Stadium, Mohali",Kings XI Punjab,Pune Warriors,Pune Warriors,wickets,5.0,Kings XI Punjab,bat,R Sharma
501249,2011,2011-05-09,Sawai Mansingh Stadium,Rajasthan Royals,Chennai Super Kings,Chennai Super Kings,runs,63.0,Rajasthan Royals,field,M Vijay
501250,2011,2011-05-10,"Rajiv Gandhi International Stadium, Uppal",Deccan Chargers,Pune Warriors,Pune Warriors,wickets,6.0,Deccan Chargers,bat,MR Marsh
501251,2011,2011-05-10,"Punjab Cricket Association Stadium, Mohali",Kings XI Punjab,Mumbai Indians,Kings XI Punjab,runs,76.0,Mumbai Indians,field,BA Bhatt
501252,2011,2011-05-11,Sawai Mansingh Stadium,Rajasthan Royals,Royal Challengers Bangalore,Royal Challengers Bangalore,wickets,9.0,Royal Challengers Bangalore,field,S Aravind
501253,2011,2011-05-12,"MA Chidambaram Stadium, Chepauk",Chennai Super Kings,Delhi Daredevils,Chennai Super Kings,runs,18.0,Chennai Super Kings,bat,MS Dhoni
501254,2011,2011-05-13,Holkar Cricket Stadium,Kochi Tuskers Kerala,Kings XI Punjab,Kings XI Punjab,wickets,6.0,Kings XI Punjab,field,KD Karthik
501255,2011,2011-05-14,M Chinnaswamy Stadium,Royal Challengers Bangalore,Kolkata Knight Riders,Royal Challengers Bangalore,wickets,4.0,Royal Challengers Bangalore,field,CH Gayle
501256,2011,2011-05-14,Wankhede Stadium,Mumbai Indians,Deccan Chargers,Deccan Chargers,runs,10.0,Deccan Chargers,bat,A Mishra
501257,2011,2011-05-15,Himachal Pradesh Cricket Association Stadium,Kings XI Punjab,Delhi Daredevils,Kings XI Punjab,runs,29.0,Delhi Daredevils,field,PP Chawla
501258,2011,2011-05-15,Holkar Cricket Stadium,Kochi Tuskers Kerala,Rajasthan Royals,Kochi Tuskers Kerala,wickets,8.0,Kochi Tuskers Kerala,field,BJ Hodge
501259,2011,2011-05-16,Dr DY Patil Sports Academy,Pune Warriors,Deccan Chargers,Deccan Chargers,wickets,6.0,Deccan Chargers,field,A Mishra
501260,2011,2011-05-17,Himachal Pradesh Cricket Association Stadium,Kings XI Punjab,Royal Challengers Bangalore,Kings XI Punjab,runs,111.0,Kings XI Punjab,bat,AC Gilchrist
501261,2011,2011-05-18,"MA Chidambaram Stadium, Chepauk",Chennai Super Kings,Kochi Tuskers Kerala,Chennai Super Kings,runs,11.0,Chennai Super Kings,bat,WP Saha
501262,2011,2011-05-19,Dr DY Patil Sports Academy,Pune Warriors,Kolkata Knight Riders,Kolkata Knight Riders,wickets,7.0,Kolkata Knight Riders,field,YK Pathan
501263,2011,2011-05-20,Wankhede Stadium,Mumbai Indians,Rajasthan Royals,Rajasthan Royals,wickets,10.0,Mumbai Indians,bat,SR Watson
501264,2011,2011-05-21,Himachal Pradesh Cricket Association Stadium,Kings XI Punjab,Deccan Chargers,Deccan Chargers,runs,82.0,Kings XI Punjab,field,S Dhawan
501265,2011,2011-05-21,Feroz Shah Kotla,Delhi Daredevils,Pune Warriors,,,,Delhi Daredevils,bat,
501266,2011,2011-05-22,M Chinnaswamy Stadium,Royal Challengers Bangalore,Chennai Super Kings,Royal Challengers Bangalore,wickets,8.0,Royal Challengers Bangalore,field,CH Gayle
501267,2011,2011-05-22,Eden Gardens,Kolkata Knight Riders,Mumbai Indians,Mumbai Indians,wickets,5.0,Mumbai Indians,field,JEC Franklin
501268,2011,2011-05-24,Wankhede Stadium,Royal Challengers Bangalore,Chennai Super Kings,Chennai Super Kings,wickets,6.0,Chennai Super Kings,field,SK Raina
501269,2011,2011-05-25,Wankhede Stadium,Mumbai Indians,Kolkata Knight Riders,Mumbai Indians,wickets,4.0,Mumbai Indians,field,MM Patel
501270,2011,2011-05-27,"MA Chidambaram Stadium, Chepauk",Royal Challengers Bangalore,Mumbai Indians,Royal Challengers Bangalore,runs,43.0,Mumbai Indians,field,CH Gayle
501271,2011,2011-05-28,"MA Chidambaram Stadium, Chepauk",Chennai Super Kings,Royal Challengers Bangalore,Chennai Super Kings,runs,58.0,Chennai Super Kings,bat,M Vijay
548306,2012,2012-04-04,"MA Chidambaram Stadium, Chepauk",Chennai Super Kings,Mumbai Indians,Mumbai Indians,wickets,8.0,Mumbai Indians,field,RE Levi
548307,2012,2012-04-05,Eden Gardens,Kolkata Knight Riders,Delhi Daredevils,Delhi Daredevils,wickets,8.0,Delhi Daredevils,field,IK Pathan
548308,2012,2012-04-06,Wankhede Stadium,Mumbai Indians,Pune Warriors,Pune Warriors,runs,28.0,Mumbai Indians,field,SPD Smith
548309,2012,2012-04-06,Sawai Mansingh Stadium,Rajasthan Royals,Kings XI Punjab,Rajasthan Royals,runs,31.0,Kings XI Punjab,field,AM Rahane
548310,2012,2012-04-07,M Chinnaswamy Stadium,Royal Challengers Bangalore,Delhi Daredevils,Royal Challengers Bangalore,runs,20.0,Delhi Daredevils,field,AB de Villiers
548311,2012,2012-04-07,Dr. Y.S. Rajasekhara Reddy ACA-VDCA Cricket Stadium,Deccan Chargers,Chennai Super Kings,Chennai Super Kings,runs,74.0,Deccan Chargers,field,RA Jadeja
548312,2012,2012-04-08,Sawai Mansingh Stadium,Rajasthan Royals,Kolkata Knight Riders,Rajasthan Royals,runs,22.0,Kolkata Knight Riders,field,BJ Hodge
548313,2012,2012-04-08,Subrata Roy Sahara Stadium,Pune Warriors,Kings XI Punjab,Pune Warriors,runs,22.0,Pune Warriors,bat,MN Samuels
548314,2012,2012-04-09,Dr. Y.S. Rajasekhara Reddy ACA-VDCA Cricket Stadium,Deccan Chargers,Mumbai Indians,Mumbai Indians,wickets,5.0,Deccan Chargers,bat,RG Sharma
548315,2012,2012-04-10,M Chinnaswamy Stadium,Royal Challengers Bangalore,Kolkata Knight Riders,Kolkata Knight Riders,runs,42.0,Royal Challengers Bangalore,field,L Balaji
548316,2012,2012-04-10,Feroz Shah Kotla,Delhi Daredevils,Chennai Super Kings,Delhi Daredevils,wickets,8.0,Delhi Daredevils,field,M Morkel
548317,2012,2012-04-11,Wankhede Stadium,Mumbai Indians,Rajasthan Royals,Mumbai Indians,runs,27.0,Rajasthan Royals,field,KA Pollard
548318,2012,2012-04-12,"MA Chidambaram Stadium, Chepauk",Chennai Super Kings,Royal Challengers Bangalore,Chennai Super Kings,wickets,5.0,Royal Challengers Bangalore,bat,F du Plessis
548319,2012,2012-04-12,"Punjab Cricket Association Stadium, Mohali",Kings XI Punjab,Pune Warriors,Kings XI Punjab,wickets,7.0,Kings XI Punjab,field,AD Mascarenhas
548320,2012,2012-04-13,Eden Gardens,Kolkata Knight Riders,Rajasthan Royals,Kolkata Knight Riders,wickets,5.0,Rajasthan Royals,bat,Shakib Al Hasan
548321,2012,2012-04-19,Feroz Shah Kotla,Delhi Daredevils,Deccan Chargers,Delhi Daredevils,wickets,5.0,Deccan Chargers,bat,KP Pietersen
548322,2012,2012-04-14,Subrata Roy Sahara Stadium,Pune Warriors,Chennai Super Kings,Pune Warriors,wickets,7.0,Chennai Super Kings,bat,JD Ryder
548323,2012,2012-04-15,Eden Gardens,Kolkata Knight Riders,Kings XI Punjab,Kings XI Punjab,runs,2.0,Kolkata Knight Riders,field,SP Narine
548324,2012,2012-04-15,M Chinnaswamy Stadium,Royal Challengers Bangalore,Rajasthan Royals,Rajasthan Royals,runs,59.0,Rajasthan Royals,bat,AM Rahane
548325,2012,2012-04-16,Wankhede Stadium,Mumbai Indians,Delhi Daredevils,Delhi Daredevils,wickets,7.0,Delhi Daredevils,field,S Nadeem
548326,2012,2012-04-17,Sawai Mansingh Stadium,Rajasthan Royals,Deccan Chargers,Rajasthan Royals,wickets,5.0,Deccan Chargers,bat,BJ Hodge
548327,2012,2012-04-17,M Chinnaswamy Stadium,Royal Challengers Bangalore,Pune Warriors,Royal Challengers Bangalore,wickets,6.0,Pune Warriors,bat,CH Gayle
548328,2012,2012-04-18,"Punjab Cricket Association Stadium, Mohali",Kings XI Punjab,Kolkata Knight Riders,Kolkata Knight Riders,wickets,8.0,Kings XI Punjab,bat,G Gambhir
548329,2012,2012-05-10,"Rajiv Gandhi International Stadium, Uppal",Deccan Chargers,Delhi Daredevils,Delhi Daredevils,wickets,9.0,Deccan Chargers,bat,DA Warner
548330,2012,2012-04-19,"MA Chidambaram Stadium, Chepauk",Chennai Super Kings,Pune Warriors,Chennai Super Kings,runs,13.0,Pune Warriors,field,KMDN Kulasekara
548331,2012,2012-04-20,"Punjab Cricket Association Stadium, Mohali",Kings XI Punjab,Royal Challengers Bangalore,Royal Challengers Bangalore,wickets,5.0,Royal Challengers Bangalore,field,CH Gayle
548332,2012,2012-04-21,"MA Chidambaram Stadium, Chepauk",Chennai Super Kings,Rajasthan Royals,Chennai Super Kings,wickets,7.0,Rajasthan Royals,bat,F du Plessis
548333,2012,2012-04-21,Feroz Shah Kotla,Delhi Daredevils,Pune Warriors,Pune Warriors,runs,20.0,Delhi Daredevils,field,SC Ganguly
548334,2012,2012-04-22,Wankhede Stadium,Mumbai Indians,Kings XI Punjab,Kings XI Punjab,wickets,6.0,Mumbai Indians,bat,SE Marsh
548335,2012,2012-04-22,Barabati Stadium,Deccan Chargers,Kolkata Knight Riders,Kolkata Knight Riders,wickets,5.0,Kolkata Knight Riders,field,B Lee
548336,2012,2012-04-23,Sawai Mansingh Stadium,Rajasthan Royals,Royal Challengers Bangalore,Royal Challengers Bangalore,runs,46.0,Rajasthan Royals,field,AB de Villiers
548337,2012,2012-04-24,Subrata Roy Sahara Stadium,Pune Warriors,Delhi Daredevils,Delhi Daredevils,wickets,8.0,Pune Warriors,bat,V Sehwag
548339,2012,2012-04-25,"Punjab Cricket Association Stadium, Mohali",Kings XI Punjab,Mumbai Indians,Mumbai Indians,wickets,4.0,Kings XI Punjab,bat,AT Rayudu
548341,2012,2012-04-26,Subrata Roy Sahara Stadium,Pune Warriors,Deccan Chargers,Deccan Chargers,runs,18.0,Deccan Chargers,bat,CL White
548342,2012,2012-04-27,Feroz Shah Kotla,Delhi Daredevils,Mumbai Indians,Delhi Daredevils,runs,37.0,Mumbai Indians,field,V Sehwag
548343,2012,2012-04-28,"MA Chidambaram Stadium, Chepauk",Chennai Super Kings,Kings XI Punjab,Kings XI Punjab,runs,7.0,Kings XI Punjab,bat,Mandeep Singh
548344,2012,2012-04-28,Eden Gardens,Kolkata Knight Riders,Royal Challengers Bangalore,Kolkata Knight Riders,runs,47.0,Kolkata Knight Riders,bat,G Gambhir
548345,2012,2012-04-29,Feroz Shah Kotla,Delhi Daredevils,Rajasthan Royals,Delhi Daredevils,runs,1.0,Delhi Daredevils,bat,V Sehwag
548346,2012,2012-04-29,Wankhede Stadium,Mumbai Indians,Deccan Chargers,Mumbai Indians,wickets,5.0,Mumbai Indians,field,DW Steyn
548347,2012,2012-04-30,"MA Chidambaram Stadium, Chepauk",Chennai Super Kings,Kolkata Knight Riders,Kolkata Knight Riders,wickets,5.0,Chennai Super Kings,bat,G Gambhir
548348,2012,2012-05-01,Barabati Stadium,Deccan Chargers,Pune Warriors,Deccan Chargers,runs,13.0,Deccan Chargers,bat,KC Sangakkara
548349,2012,2012-05-01,Sawai Mansingh Stadium,Rajasthan Royals,Delhi Daredevils,Delhi Daredevils,wickets,6.0,Rajasthan Royals,bat,P Negi
548350,2012,2012-05-02,M Chinnaswamy Stadium,Royal Challengers Bangalore,Kings XI Punjab,Kings XI Punjab,wickets,4.0,Kings XI Punjab,field,Azhar Mahmood
548351,2012,2012-05-03,Subrata Roy Sahara Stadium,Pune Warriors,Mumbai Indians,Mumbai Indians,runs,1.0,Mumbai Indians,bat,SL Malinga
548352,2012,2012-05-04,"MA Chidambaram Stadium, Chepauk",Chennai Super Kings,Deccan Chargers,Chennai Super Kings,runs,10.0,Chennai Super Kings,bat,SK Raina
548353,2012,2012-05-05,Eden Gardens,Kolkata Knight Riders,Pune Warriors,Kolkata Knight Riders,runs,7.0,Kolkata Knight Riders,bat,SP Narine
548354,2012,2012-05-05,"Punjab Cricket Association Stadium, Mohali",Kings XI Punjab,Rajasthan Royals,Rajasthan Royals,runs,43.0,Rajasthan Royals,bat,SR Watson
548355,2012,2012-05-06,Wankhede Stadium,Mumbai Indians,Chennai Super Kings,Mumbai Indians,wickets,2.0,Mumbai Indians,field,DR Smith
548356,2012,2012-05-06,M Chinnaswamy Stadium,Royal Challengers Bangalore,Deccan Chargers,Royal Challengers Bangalore,wickets,5.0,Royal Challengers Bangalore,field,AB de Villiers
548357,2012,2012-05-07,Feroz Shah Kotla,Delhi Daredevils,Kolkata Knight Riders,Kolkata Knight Riders,wickets,6.0,Delhi Daredevils,bat,JH Kallis
548358,2012,2012-05-08,Subrata Roy Sahara Stadium,Pune Warriors,Rajasthan Royals,Rajasthan Royals,wickets,7.0,Pune Warriors,bat,SR Watson
548359,2012,2012-05-08,"Rajiv Gandhi International Stadium, Uppal",Deccan Chargers,Kings XI Punjab,Kings XI Punjab,runs,25.0,Deccan Chargers,field,Mandeep Singh
548360,2012,2012-05-09,Wankhede Stadium,Mumbai Indians,Royal Challengers Bangalore,Royal Challengers Bangalore,wickets,9.0,Royal Challengers Bangalore,field,CH Gayle
548361,2012,2012-05-10,Sawai Mansingh Stadium,Rajasthan Royals,Chennai Super Kings,Chennai Super Kings,wickets,4.0,Chennai Super Kings,field,BW Hilfenhaus
548362,2012,2012-05-11,Subrata Roy Sahara Stadium,Pune Warriors,Royal Challengers Bangalore,Royal Challengers Bangalore,runs,35.0,Pune Warriors,field,CH Gayle
548363,2012,2012-05-12,Eden Gardens,Kolkata Knight Riders,Mumbai Indians,Mumbai Indians,runs,27.0,Mumbai Indians,bat,RG Sharma
548364,2012,2012-05-12,"MA Chidambaram Stadium, Chepauk",Chennai Super Kings,Delhi Daredevils,Chennai Super Kings,wickets,9.0,Chennai Super Kings,field,BW Hilfenhaus
548365,2012,2012-05-13,Sawai Mansingh Stadium,Rajasthan Royals,Pune Warriors,Rajasthan Royals,runs,45.0,Rajasthan Royals,bat,A Chandila
548366,2012,2012-05-13,"Punjab Cricket Association Stadium, Mohali",Kings XI Punjab,Deccan Chargers,Kings XI Punjab,wickets,4.0,Deccan Chargers,bat,DJ Hussey
548367,2012,2012-05-14,M Chinnaswamy Stadium,Royal Challengers Bangalore,Mumbai Indians,Mumbai Indians,wickets,5.0,Mumbai Indians,field,AT Rayudu
548368,2012,2012-05-14,Eden Gardens,Kolkata Knight Riders,Chennai Super Kings,Chennai Super Kings,wickets,5.0,Chennai Super Kings,field,MEK Hussey
548369,2012,2012-05-15,Feroz Shah Kotla,Delhi Daredevils,Kings XI Punjab,Delhi Daredevils,wickets,5.0,Kings XI Punjab,bat,UT Yadav
548370,2012,2012-05-16,Wankhede Stadium,Mumbai Indians,Kolkata Knight Riders,Kolkata Knight Riders,runs,32.0,Mumbai Indians,field,SP Narine
548371,2012,2012-05-17,Himachal Pradesh Cricket Association Stadium,Kings XI Punjab,Chennai Super Kings,Kings XI Punjab,wickets,6.0,Kings XI Punjab,field,AC Gilchrist
548372,2012,2012-05-17,Feroz Shah Kotla,Delhi Daredevils,Royal Challengers Bangalore,Royal Challengers Bangalore,runs,21.0,Delhi Daredevils,field,CH Gayle
548373,2012,2012-05-18,"Rajiv Gandhi International Stadium, Uppal",Deccan Chargers,Rajasthan Royals,Deccan Chargers,wickets,5.0,Rajasthan Royals,bat,DW Steyn
548374,2012,2012-05-19,Himachal Pradesh Cricket Association Stadium,Kings XI Punjab,Delhi Daredevils,Delhi Daredevils,wickets,6.0,Delhi Daredevils,field,UT Yadav
548375,2012,2012-05-19,Subrata Roy Sahara Stadium,Pune Warriors,Kolkata Knight Riders,Kolkata Knight Riders,runs,34.0,Kolkata Knight Riders,bat,Shakib Al Hasan
548376,2012,2012-05-20,"Rajiv Gandhi International Stadium, Uppal",Deccan Chargers,Royal Challengers Bangalore,Deccan Chargers,runs,9.0,Royal Challengers Bangalore,field,DW Steyn
548377,2012,2012-05-20,Sawai Mansingh Stadium,Rajasthan Royals,Mumbai Indians,Mumbai Indians,wickets,10.0,Rajasthan Royals,bat,DR Smith
548378,2012,2012-05-22,Subrata Roy Sahara Stadium,Delhi Daredevils,Kolkata Knight Riders,Kolkata Knight Riders,runs,18.0,Kolkata Knight Riders,bat,YK Pathan
548379,2012,2012-05-23,M Chinnaswamy Stadium,Chennai Super Kings,Mumbai Indians,Chennai Super Kings,runs,38.0,Mumbai Indians,field,MS Dhoni
548380,2012,2012-05-25,"MA Chidambaram Stadium, Chepauk",Delhi Daredevils,Chennai Super Kings,Chennai Super Kings,runs,86.0,Delhi Daredevils,field,M Vijay
548381,2012,2012-05-27,"MA Chidambaram Stadium, Chepauk",Kolkata Knight Riders,Chennai Super Kings,Kolkata Knight Riders,wickets,5.0,Chennai Super Kings,bat,MS Bisla
597998,2013,2013-04-03,Eden Gardens,Kolkata Knight Riders,Delhi Daredevils,Kolkata Knight Riders,wickets,6.0,Kolkata Knight Riders,field,SP Narine
597999,2013,2013-04-04,M Chinnaswamy Stadium,Royal Challengers Bangalore,Mumbai Indians,Royal Challengers Bangalore,runs,2.0,Mumbai Indians,field,CH Gayle
598000,2013,2013-04-05,"Rajiv Gandhi International Stadium, Uppal",Sunrisers Hyderabad,Pune Warriors,Sunrisers Hyderabad,runs,22.0,Pune Warriors,field,A Mishra
598001,2013,2013-04-06,Feroz Shah Kotla,Delhi Daredevils,Rajasthan Royals,Rajasthan Royals,runs,5.0,Rajasthan Royals,bat,R Dravid
598002,2013,2013-04-06,"MA Chidambaram Stadium, Chepauk",Chennai Super Kings,Mumbai Indians,Mumbai Indians,runs,9.0,Mumbai Indians,bat,KA Pollard
598003,2013,2013-04-07,Subrata Roy Sahara Stadium,Pune Warriors,Kings XI Punjab,Kings XI Punjab,wickets,8.0,Pune Warriors,bat,M Vohra
598004,2013,2013-04-07,"Rajiv Gandhi International Stadium, Uppal",Sunrisers Hyderabad,Royal Challengers Bangalore,,,,Royal Challengers Bangalore,bat,GH Vihari
598005,2013,2013-04-08,Sawai Mansingh Stadium,Rajasthan Royals,Kolkata Knight Riders,Rajasthan Royals,runs,19.0,Kolkata Knight Riders,field,SK Trivedi
598006,2013,2013-04-09,Wankhede Stadium,Mumbai Indians,Delhi Daredevils,Mumbai Indians,runs,44.0,Mumbai Indians,bat,KD Karthik
598007,2013,2013-04-10,"Punjab Cricket Association Stadium, Mohali",Kings XI Punjab,Chennai Super Kings,Chennai Super Kings,wickets,10.0,Chennai Super Kings,field,MEK Hussey
598008,2013,2013-04-11,M Chinnaswamy Stadium,Royal Challengers Bangalore,Kolkata Knight Riders,Royal Challengers Bangalore,wickets,8.0,Royal Challengers Bangalore,field,CH Gayle
598009,2013,2013-04-11,Subrata Roy Sahara Stadium,Pune Warriors,Rajasthan Royals,Pune Warriors,wickets,7.0,Rajasthan Royals,bat,AJ Finch
598010,2013,2013-04-12,Feroz Shah Kotla,Delhi Daredevils,Sunrisers Hyderabad,Sunrisers Hyderabad,wickets,3.0,Delhi Daredevils,bat,A Mishra
598011,2013,2013-04-13,Wankhede Stadium,Mumbai Indians,Pune Warriors,Mumbai Indians,runs,41.0,Mumbai Indians,bat,RG Sharma
598012,2013,2013-04-13,"MA Chidambaram Stadium, Chepauk",Chennai Super Kings,Royal Challengers Bangalore,Chennai Super Kings,wickets,4.0,Chennai Super Kings,field,RA Jadeja
598013,2013,2013-04-14,Eden Gardens,Kolkata Knight Riders,Sunrisers Hyderabad,Kolkata Knight Riders,runs,48.0,Kolkata Knight Riders,bat,G Gambhir
598014,2013,2013-04-14,Sawai Mansingh Stadium,Rajasthan Royals,Kings XI Punjab,Rajasthan Royals,wickets,6.0,Rajasthan Royals,field,JP Faulkner
598015,2013,2013-04-15,"MA Chidambaram Stadium, Chepauk",Chennai Super Kings,Pune Warriors,Pune Warriors,runs,24.0,Pune Warriors,bat,SPD Smith
598016,2013,2013-04-16,"Punjab Cricket Association Stadium, Mohali",Kings XI Punjab,Kolkata Knight Riders,Kings XI Punjab,runs,4.0,Kolkata Knight Riders,field,MS Gony
598017,2013,2013-04-16,M Chinnaswamy Stadium,Royal Challengers Bangalore,Delhi Daredevils,,,,Royal Challengers Bangalore,field,V Kohli
598018,2013,2013-04-17,Maharashtra Cricket Association Stadium,Pune Warriors,Sunrisers Hyderabad,Sunrisers Hyderabad,runs,11.0,Pune Warriors,field,A Mishra
598019,2013,2013-04-17,Sawai Mansingh Stadium,Rajasthan Royals,Mumbai Indians,Rajasthan Royals,runs,87.0,Rajasthan Royals,bat,AM Rahane
598020,2013,2013-04-18,Feroz Shah Kotla,Delhi Daredevils,Chennai Super Kings,Chennai Super Kings,runs,86.0,Chennai Super Kings,bat,MEK Hussey
598021,2013,2013-04-19,"Rajiv Gandhi International Stadium, Uppal",Sunrisers Hyderabad,Kings XI Punjab,Sunrisers Hyderabad,wickets,5.0,Kings XI Punjab,bat,GH Vihari
598022,2013,2013-04-20,Eden Gardens,Kolkata Knight Riders,Chennai Super Kings,Chennai Super Kings,wickets,4.0,Kolkata Knight Riders,bat,RA Jadeja
598023,2013,2013-04-20,M Chinnaswamy Stadium,Royal Challengers Bangalore,Rajasthan Royals,Royal Challengers Bangalore,wickets,7.0,Royal Challengers Bangalore,field,R Vinay Kumar
598024,2013,2013-04-21,Feroz Shah Kotla,Delhi Daredevils,Mumbai Indians,Delhi Daredevils,wickets,9.0,Mumbai Indians,bat,V Sehwag
598025,2013,2013-04-21,"Punjab Cricket Association Stadium, Mohali",Kings XI Punjab,Pune Warriors,Kings XI Punjab,wickets,7.0,Kings XI Punjab,field,DA Miller
598026,2013,2013-04-22,"MA Chidambaram Stadium, Chepauk",Chennai Super Kings,Rajasthan Royals,Chennai Super Kings,wickets,5.0,Rajasthan Royals,bat,MEK Hussey
598027,2013,2013-04-23,M Chinnaswamy Stadium,Royal Challengers Bangalore,Pune Warriors,Royal Challengers Bangalore,runs,130.0,Pune Warriors,field,CH Gayle
598028,2013,2013-05-16,Himachal Pradesh Cricket Association Stadium,Kings XI Punjab,Delhi Daredevils,Kings XI Punjab,runs,7.0,Delhi Daredevils,field,DA Miller
598029,2013,2013-04-24,Eden Gardens,Kolkata Knight Riders,Mumbai Indians,Mumbai Indians,wickets,5.0,Kolkata Knight Riders,bat,DR Smith
598030,2013,2013-04-25,"MA Chidambaram Stadium, Chepauk",Chennai Super Kings,Sunrisers Hyderabad,Chennai Super Kings,wickets,5.0,Sunrisers Hyderabad,bat,MS Dhoni
598031,2013,2013-04-26,Eden Gardens,Kolkata Knight Riders,Kings XI Punjab,Kolkata Knight Riders,wickets,6.0,Kings XI Punjab,bat,JH Kallis
598032,2013,2013-04-27,Sawai Mansingh Stadium,Rajasthan Royals,Sunrisers Hyderabad,Rajasthan Royals,wickets,8.0,Sunrisers Hyderabad,bat,JP Faulkner
598033,2013,2013-04-27,Wankhede Stadium,Mumbai Indians,Royal Challengers Bangalore,Mumbai Indians,runs,58.0,Mumbai Indians,bat,DR Smith
598034,2013,2013-04-28,"MA Chidambaram Stadium, Chepauk",Chennai Super Kings,Kolkata Knight Riders,Chennai Super Kings,runs,14.0,Kolkata Knight Riders,field,MEK Hussey
598035,2013,2013-04-28,Shaheed Veer Narayan Singh International Stadium,Delhi Daredevils,Pune Warriors,Delhi Daredevils,runs,15.0,Pune Warriors,field,DA Warner
598036,2013,2013-04-29,Sawai Mansingh Stadium,Rajasthan Royals,Royal Challengers Bangalore,Rajasthan Royals,wickets,4.0,Rajasthan Royals,field,SV Samson
598037,2013,2013-04-29,Wankhede Stadium,Mumbai Indians,Kings XI Punjab,Mumbai Indians,runs,4.0,Mumbai Indians,bat,RG Sharma
598038,2013,2013-04-30,Subrata Roy Sahara Stadium,Pune Warriors,Chennai Super Kings,Chennai Super Kings,runs,37.0,Chennai Super Kings,bat,MS Dhoni
598039,2013,2013-05-01,"Rajiv Gandhi International Stadium, Uppal",Sunrisers Hyderabad,Mumbai Indians,Sunrisers Hyderabad,wickets,7.0,Mumbai Indians,bat,I Sharma
598040,2013,2013-05-01,Shaheed Veer Narayan Singh International Stadium,Delhi Daredevils,Kolkata Knight Riders,Delhi Daredevils,wickets,7.0,Kolkata Knight Riders,bat,DA Warner
598041,2013,2013-05-02,"MA Chidambaram Stadium, Chepauk",Chennai Super Kings,Kings XI Punjab,Chennai Super Kings,runs,15.0,Chennai Super Kings,bat,SK Raina
598042,2013,2013-05-02,Subrata Roy Sahara Stadium,Pune Warriors,Royal Challengers Bangalore,Royal Challengers Bangalore,runs,17.0,Royal Challengers Bangalore,bat,AB de Villiers
598043,2013,2013-05-03,Eden Gardens,Kolkata Knight Riders,Rajasthan Royals,Kolkata Knight Riders,wickets,8.0,Rajasthan Royals,bat,YK Pathan
598044,2013,2013-05-04,"Rajiv Gandhi International Stadium, Uppal",Sunrisers Hyderabad,Delhi Daredevils,Sunrisers Hyderabad,wickets,6.0,Delhi Daredevils,bat,DJG Sammy
598045,2013,2013-05-14,M Chinnaswamy Stadium,Royal Challengers Bangalore,Kings XI Punjab,Kings XI Punjab,wickets,7.0,Kings XI Punjab,field,AC Gilchrist
598046,2013,2013-05-05,Wankhede Stadium,Mumbai Indians,Chennai Super Kings,Mumbai Indians,runs,60.0,Mumbai Indians,bat,MG Johnson
598047,2013,2013-05-05,Sawai Mansingh Stadium,Rajasthan Royals,Pune Warriors,Rajasthan Royals,wickets,5.0,Pune Warriors,bat,AM Rahane
598048,2013,2013-04-09,M Chinnaswamy Stadium,Royal Challengers Bangalore,Sunrisers Hyderabad,Royal Challengers Bangalore,wickets,7.0,Sunrisers Hyderabad,bat,V Kohli
598049,2013,2013-05-07,Sawai Mansingh Stadium,Rajasthan Royals,Delhi Daredevils,Rajasthan Royals,wickets,9.0,Delhi Daredevils,bat,AM Rahane
598050,2013,2013-05-07,Wankhede Stadium,Mumbai Indians,Kolkata Knight Riders,Mumbai Indians,runs,65.0,Mumbai Indians,bat,SR Tendulkar
598051,2013,2013-05-08,"Rajiv Gandhi International Stadium, Uppal",Sunrisers Hyderabad,Chennai Super Kings,Chennai Super Kings,runs,77.0,Sunrisers Hyderabad,field,SK Raina
598052,2013,2013-05-09,"Punjab Cricket Association Stadium, Mohali",Kings XI Punjab,Rajasthan Royals,Rajasthan Royals,wickets,8.0,Rajasthan Royals,field,KK Cooper
598053,2013,2013-05-09,Subrata Roy Sahara Stadium,Pune Warriors,Kolkata Knight Riders,Kolkata Knight Riders,runs,46.0,Kolkata Knight Riders,bat,G Gambhir
598054,2013,2013-05-10,Feroz Shah Kotla,Delhi Daredevils,Royal Challengers Bangalore,Royal Challengers Bangalore,runs,4.0,Delhi Daredevils,field,JD Unadkat
598055,2013,2013-05-11,Subrata Roy Sahara Stadium,Pune Warriors,Mumbai Indians,Mumbai Indians,wickets,5.0,Pune Warriors,bat,MG Johnson
598056,2013,2013-05-11,"Punjab Cricket Association Stadium, Mohali",Kings XI Punjab,Sunrisers Hyderabad,Sunrisers Hyderabad,runs,30.0,Kings XI Punjab,field,PA Patel
598057,2013,2013-05-12,JSCA International Stadium Complex,Kolkata Knight Riders,Royal Challengers Bangalore,Kolkata Knight Riders,wickets,5.0,Kolkata Knight Riders,field,JH Kallis
598058,2013,2013-05-12,Sawai Mansingh Stadium,Rajasthan Royals,Chennai Super Kings,Rajasthan Royals,wickets,5.0,Rajasthan Royals,field,SR Watson
598059,2013,2013-04-23,Feroz Shah Kotla,Delhi Daredevils,Kings XI Punjab,Kings XI Punjab,wickets,5.0,Kings XI Punjab,field,Harmeet Singh
598060,2013,2013-05-13,Wankhede Stadium,Mumbai Indians,Sunrisers Hyderabad,Mumbai Indians,wickets,7.0,Sunrisers Hyderabad,bat,KA Pollard
598061,2013,2013-05-15,JSCA International Stadium Complex,Kolkata Knight Riders,Pune Warriors,Pune Warriors,runs,7.0,Kolkata Knight Riders,field,MK Pandey
598062,2013,2013-05-14,"MA Chidambaram Stadium, Chepauk",Chennai Super Kings,Delhi Daredevils,Chennai Super Kings,runs,33.0,Chennai Super Kings,bat,MS Dhoni
598063,2013,2013-05-15,Wankhede Stadium,Mumbai Indians,Rajasthan Royals,Mumbai Indians,runs,14.0,Rajasthan Royals,field,AP Tare
598064,2013,2013-05-06,"Punjab Cricket Association Stadium, Mohali",Kings XI Punjab,Royal Challengers Bangalore,Kings XI Punjab,wickets,6.0,Kings XI Punjab,field,DA Miller
598065,2013,2013-05-17,"Rajiv Gandhi International Stadium, Uppal",Sunrisers Hyderabad,Rajasthan Royals,Sunrisers Hyderabad,runs,23.0,Sunrisers Hyderabad,bat,A Mishra
598066,2013,2013-05-18,Himachal Pradesh Cricket Association Stadium,Kings XI Punjab,Mumbai Indians,Kings XI Punjab,runs,50.0,Mumbai Indians,field,Azhar Mahmood
598067,2013,2013-05-19,Subrata Roy Sahara Stadium,Pune Warriors,Delhi Daredevils,Pune Warriors,runs,38.0,Pune Warriors,bat,LJ Wright
598068,2013,2013-05-18,M Chinnaswamy Stadium,Royal Challengers Bangalore,Chennai Super Kings,Royal Challengers Bangalore,runs,24.0,Chennai Super Kings,field,V Kohli
598069,2013,2013-05-19,"Rajiv Gandhi International Stadium, Uppal",Sunrisers Hyderabad,Kolkata Knight Riders,Sunrisers Hyderabad,wickets,5.0,Kolkata Knight Riders,bat,PA Patel
598070,2013,2013-05-21,Feroz Shah Kotla,Chennai Super Kings,Mumbai Indians,Chennai Super Kings,runs,48.0,Chennai Super Kings,bat,MEK Hussey
598071,2013,2013-05-22,Feroz Shah Kotla,Rajasthan Royals,Sunrisers Hyderabad,Rajasthan Royals,wickets,4.0,Sunrisers Hyderabad,bat,BJ Hodge
598072,2013,2013-05-24,Eden Gardens,Mumbai Indians,Rajasthan Royals,Mumbai Indians,wickets,4.0,Rajasthan Royals,bat,Harbhajan Singh
598073,2013,2013-05-26,Eden Gardens,Chennai Super Kings,Mumbai Indians,Mumbai Indians,runs,23.0,Mumbai Indians,bat,KA Pollard
729279,2014,2014-04-16,Sheikh Zayed Stadium,Mumbai Indians,Kolkata Knight Riders,Kolkata Knight Riders,runs,41.0,Kolkata Knight Riders,bat,JH Kallis
729281,2014,2014-04-17,Sharjah Cricket Stadium,Delhi Daredevils,Royal Challengers Bangalore,Royal Challengers Bangalore,wickets,8.0,Royal Challengers Bangalore,field,YS Chahal
729283,2014,2014-04-18,Sheikh Zayed Stadium,Chennai Super Kings,Kings XI Punjab,Kings XI Punjab,wickets,6.0,Chennai Super Kings,bat,GJ Maxwell
729285,2014,2014-04-18,Sheikh Zayed Stadium,Sunrisers Hyderabad,Rajasthan Royals,Rajasthan Royals,wickets,4.0,Rajasthan Royals,field,AM Rahane
729287,2014,2014-04-19,Dubai International Cricket Stadium,Royal Challengers Bangalore,Mumbai Indians,Royal Challengers Bangalore,wickets,7.0,Royal Challengers Bangalore,field,PA Patel
729289,2014,2014-04-19,Dubai International Cricket Stadium,Kolkata Knight Riders,Delhi Daredevils,Delhi Daredevils,wickets,4.0,Kolkata Knight Riders,bat,JP Duminy
729291,2014,2014-04-20,Sharjah Cricket Stadium,Rajasthan Royals,Kings XI Punjab,Kings XI Punjab,wickets,7.0,Kings XI Punjab,field,GJ Maxwell
729293,2014,2014-04-21,Sheikh Zayed Stadium,Chennai Super Kings,Delhi Daredevils,Chennai Super Kings,runs,93.0,Chennai Super Kings,bat,SK Raina
729295,2014,2014-04-22,Sharjah Cricket Stadium,Kings XI Punjab,Sunrisers Hyderabad,Kings XI Punjab,runs,72.0,Sunrisers Hyderabad,field,GJ Maxwell
729297,2014,2014-04-23,Dubai International Cricket Stadium,Rajasthan Royals,Chennai Super Kings,Chennai Super Kings,runs,7.0,Rajasthan Royals,field,RA Jadeja
729299,2014,2014-04-24,Sharjah Cricket Stadium,Royal Challengers Bangalore,Kolkata Knight Riders,Kolkata Knight Riders,runs,2.0,Royal Challengers Bangalore,field,CA Lynn
729301,2014,2014-04-25,Dubai International Cricket Stadium,Sunrisers Hyderabad,Delhi Daredevils,Sunrisers Hyderabad,runs,4.0,Sunrisers Hyderabad,bat,AJ Finch
729303,2014,2014-04-25,Dubai International Cricket Stadium,Chennai Super Kings,Mumbai Indians,Chennai Super Kings,wickets,7.0,Mumbai Indians,bat,MM Sharma
729305,2014,2014-04-26,Sheikh Zayed Stadium,Rajasthan Royals,Royal Challengers Bangalore,Rajasthan Royals,wickets,6.0,Rajasthan Royals,field,PV Tambe
729307,2014,2014-04-26,Sheikh Zayed Stadium,Kolkata Knight Riders,Kings XI Punjab,Kings XI Punjab,runs,23.0,Kolkata Knight Riders,field,Sandeep Sharma
729309,2014,2014-04-27,Sharjah Cricket Stadium,Delhi Daredevils,Mumbai Indians,Delhi Daredevils,wickets,6.0,Mumbai Indians,bat,M Vijay
729311,2014,2014-04-27,Sharjah Cricket Stadium,Sunrisers Hyderabad,Chennai Super Kings,Chennai Super Kings,wickets,5.0,Sunrisers Hyderabad,bat,DR Smith
729313,2014,2014-04-28,Dubai International Cricket Stadium,Kings XI Punjab,Royal Challengers Bangalore,Kings XI Punjab,wickets,5.0,Kings XI Punjab,field,Sandeep Sharma
729315,2014,2014-04-29,Sheikh Zayed Stadium,Kolkata Knight Riders,Rajasthan Royals,,,,Rajasthan Royals,bat,JP Faulkner
729317,2014,2014-04-30,Dubai International Cricket Stadium,Mumbai Indians,Sunrisers Hyderabad,Sunrisers Hyderabad,runs,15.0,Mumbai Indians,field,B Kumar
733971,2014,2014-05-02,JSCA International Stadium Complex,Chennai Super Kings,Kolkata Knight Riders,Chennai Super Kings,runs,34.0,Chennai Super Kings,bat,RA Jadeja
733973,2014,2014-05-03,Wankhede Stadium,Mumbai Indians,Kings XI Punjab,Mumbai Indians,wickets,5.0,Kings XI Punjab,bat,CJ Anderson
733975,2014,2014-05-03,Feroz Shah Kotla,Delhi Daredevils,Rajasthan Royals,Rajasthan Royals,wickets,7.0,Rajasthan Royals,field,KK Nair
733977,2014,2014-05-04,M Chinnaswamy Stadium,Royal Challengers Bangalore,Sunrisers Hyderabad,Royal Challengers Bangalore,wickets,4.0,Royal Challengers Bangalore,field,AB de Villiers
733979,2014,2014-05-05,"Sardar Patel Stadium, Motera",Rajasthan Royals,Kolkata Knight Riders,Rajasthan Royals,runs,10.0,Kolkata Knight Riders,field,PV Tambe
733981,2014,2014-05-05,Feroz Shah Kotla,Delhi Daredevils,Chennai Super Kings,Chennai Super Kings,wickets,8.0,Chennai Super Kings,field,DR Smith
733983,2014,2014-05-06,Wankhede Stadium,Mumbai Indians,Royal Challengers Bangalore,Mumbai Indians,runs,19.0,Royal Challengers Bangalore,field,RG Sharma
733985,2014,2014-05-07,Feroz Shah Kotla,Delhi Daredevils,Kolkata Knight Riders,Kolkata Knight Riders,wickets,8.0,Delhi Daredevils,bat,G Gambhir
733987,2014,2014-05-07,Barabati Stadium,Kings XI Punjab,Chennai Super Kings,Kings XI Punjab,runs,44.0,Chennai Super Kings,field,GJ Maxwell
733989,2014,2014-05-08,"Sardar Patel Stadium, Motera",Rajasthan Royals,Sunrisers Hyderabad,Sunrisers Hyderabad,runs,32.0,Rajasthan Royals,field,B Kumar
733991,2014,2014-05-09,M Chinnaswamy Stadium,Royal Challengers Bangalore,Kings XI Punjab,Kings XI Punjab,runs,32.0,Royal Challengers Bangalore,field,Sandeep Sharma
733993,2014,2014-05-10,Feroz Shah Kotla,Delhi Daredevils,Sunrisers Hyderabad,Sunrisers Hyderabad,wickets,8.0,Sunrisers Hyderabad,field,DW Steyn
733995,2014,2014-05-10,Wankhede Stadium,Mumbai Indians,Chennai Super Kings,Chennai Super Kings,wickets,4.0,Chennai Super Kings,field,DR Smith
733997,2014,2014-05-11,Barabati Stadium,Kings XI Punjab,Kolkata Knight Riders,Kolkata Knight Riders,wickets,9.0,Kolkata Knight Riders,field,G Gambhir
733999,2014,2014-05-11,M Chinnaswamy Stadium,Royal Challengers Bangalore,Rajasthan Royals,Rajasthan Royals,wickets,5.0,Royal Challengers Bangalore,bat,JP Faulkner
734001,2014,2014-05-12,"Rajiv Gandhi International Stadium, Uppal",Sunrisers Hyderabad,Mumbai Indians,Mumbai Indians,wickets,7.0,Sunrisers Hyderabad,bat,AT Rayudu
734003,2014,2014-05-13,JSCA International Stadium Complex,Chennai Super Kings,Rajasthan Royals,Chennai Super Kings,wickets,5.0,Rajasthan Royals,bat,RA Jadeja
734005,2014,2014-05-13,M Chinnaswamy Stadium,Royal Challengers Bangalore,Delhi Daredevils,Royal Challengers Bangalore,runs,16.0,Delhi Daredevils,field,Yuvraj Singh
734007,2014,2014-05-14,"Rajiv Gandhi International Stadium, Uppal",Sunrisers Hyderabad,Kings XI Punjab,Kings XI Punjab,wickets,6.0,Kings XI Punjab,field,WP Saha
734009,2014,2014-05-14,Barabati Stadium,Kolkata Knight Riders,Mumbai Indians,Kolkata Knight Riders,wickets,6.0,Kolkata Knight Riders,field,RV Uthappa
734011,2014,2014-05-15,"Sardar Patel Stadium, Motera",Rajasthan Royals,Delhi Daredevils,Rajasthan Royals,runs,62.0,Delhi Daredevils,field,AM Rahane
734013,2014,2014-05-18,JSCA International Stadium Complex,Chennai Super Kings,Royal Challengers Bangalore,Royal Challengers Bangalore,wickets,5.0,Chennai Super Kings,bat,AB de Villiers
734015,2014,2014-05-18,"Rajiv Gandhi International Stadium, Uppal",Sunrisers Hyderabad,Kolkata Knight Riders,Kolkata Knight Riders,wickets,7.0,Sunrisers Hyderabad,bat,UT Yadav
734017,2014,2014-05-19,"Sardar Patel Stadium, Motera",Rajasthan Royals,Mumbai Indians,Mumbai Indians,runs,25.0,Mumbai Indians,bat,MEK Hussey
734019,2014,2014-05-19,Feroz Shah Kotla,Delhi Daredevils,Kings XI Punjab,Kings XI Punjab,wickets,4.0,Kings XI Punjab,field,AR Patel
734021,2014,2014-05-20,"Rajiv Gandhi International Stadium, Uppal",Sunrisers Hyderabad,Royal Challengers Bangalore,Sunrisers Hyderabad,wickets,7.0,Royal Challengers Bangalore,bat,DA Warner
734023,2014,2014-05-20,Eden Gardens,Kolkata Knight Riders,Chennai Super Kings,Kolkata Knight Riders,wickets,8.0,Kolkata Knight Riders,field,RV Uthappa
734025,2014,2014-05-21,"Punjab Cricket Association Stadium, Mohali",Kings XI Punjab,Mumbai Indians,Mumbai Indians,wickets,7.0,Mumbai Indians,field,LMP Simmons
734027,2014,2014-05-22,Eden Gardens,Kolkata Knight Riders,Royal Challengers Bangalore,Kolkata Knight Riders,runs,30.0,Royal Challengers Bangalore,field,RV Uthappa
734029,2014,2014-05-22,JSCA International Stadium Complex,Chennai Super Kings,Sunrisers Hyderabad,Sunrisers Hyderabad,wickets,6.0,Sunrisers Hyderabad,field,DA Warner
734031,2014,2014-05-23,Wankhede Stadium,Mumbai Indians,Delhi Daredevils,Mumbai Indians,runs,15.0,Delhi Daredevils,field,MEK Hussey
734033,2014,2014-05-23,"Punjab Cricket Association Stadium, Mohali",Kings XI Punjab,Rajasthan Royals,Kings XI Punjab,runs,16.0,Rajasthan Royals,field,SE Marsh
734035,2014,2014-05-24,M Chinnaswamy Stadium,Royal Challengers Bangalore,Chennai Super Kings,Chennai Super Kings,wickets,8.0,Chennai Super Kings,field,MS Dhoni
734037,2014,2014-05-24,Eden Gardens,Kolkata Knight Riders,Sunrisers Hyderabad,Kolkata Knight Riders,wickets,4.0,Kolkata Knight Riders,field,YK Pathan
734039,2014,2014-05-25,"Punjab Cricket Association Stadium, Mohali",Kings XI Punjab,Delhi Daredevils,Kings XI Punjab,wickets,7.0,Kings XI Punjab,field,M Vohra
734041,2014,2014-05-25,Wankhede Stadium,Mumbai Indians,Rajasthan Royals,Mumbai Indians,wickets,5.0,Mumbai Indians,field,CJ Anderson
734043,2014,2014-05-27,Eden Gardens,Kings XI Punjab,Kolkata Knight Riders,Kolkata Knight Riders,runs,28.0,Kings XI Punjab,field,UT Yadav
734045,2014,2014-05-28,Brabourne Stadium,Chennai Super Kings,Mumbai Indians,Chennai Super Kings,wickets,7.0,Chennai Super Kings,field,SK Raina
734047,2014,2014-05-30,Wankhede Stadium,Chennai Super Kings,Kings XI Punjab,Kings XI Punjab,runs,24.0,Chennai Super Kings,field,V Sehwag
734049,2014,2014-06-01,M Chinnaswamy Stadium,Kolkata Knight Riders,Kings XI Punjab,Kolkata Knight Riders,wickets,3.0,Kolkata Knight Riders,field,MK Pandey
829705,2015,2015-04-08,Eden Gardens,Kolkata Knight Riders,Mumbai Indians,Kolkata Knight Riders,wickets,7.0,Kolkata Knight Riders,field,M Morkel
829707,2015,2015-04-09,"MA Chidambaram Stadium, Chepauk",Chennai Super Kings,Delhi Daredevils,Chennai Super Kings,runs,1.0,Delhi Daredevils,field,A Nehra
829709,2015,2015-04-10,Maharashtra Cricket Association Stadium,Kings XI Punjab,Rajasthan Royals,Rajasthan Royals,runs,26.0,Kings XI Punjab,field,JP Faulkner
829711,2015,2015-04-11,"MA Chidambaram Stadium, Chepauk",Chennai Super Kings,Sunrisers Hyderabad,Chennai Super Kings,runs,45.0,Chennai Super Kings,bat,BB McCullum
829713,2015,2015-04-11,Eden Gardens,Kolkata Knight Riders,Royal Challengers Bangalore,Royal Challengers Bangalore,wickets,3.0,Royal Challengers Bangalore,field,CH Gayle
829715,2015,2015-04-12,Feroz Shah Kotla,Delhi Daredevils,Rajasthan Royals,Rajasthan Royals,wickets,3.0,Rajasthan Royals,field,DJ Hooda
829717,2015,2015-04-12,Wankhede Stadium,Mumbai Indians,Kings XI Punjab,Kings XI Punjab,runs,18.0,Mumbai Indians,field,GJ Bailey
829719,2015,2015-04-13,M Chinnaswamy Stadium,Royal Challengers Bangalore,Sunrisers Hyderabad,Sunrisers Hyderabad,wickets,8.0,Sunrisers Hyderabad,field,DA Warner
829721,2015,2015-04-14,"Sardar Patel Stadium, Motera",Rajasthan Royals,Mumbai Indians,Rajasthan Royals,wickets,7.0,Mumbai Indians,bat,SPD Smith
829723,2015,2015-04-30,Eden Gardens,Kolkata Knight Riders,Chennai Super Kings,Kolkata Knight Riders,wickets,7.0,Kolkata Knight Riders,field,AD Russell
829725,2015,2015-04-15,Maharashtra Cricket Association Stadium,Kings XI Punjab,Delhi Daredevils,Delhi Daredevils,wickets,5.0,Kings XI Punjab,bat,MA Agarwal
829727,2015,2015-04-16,Dr. Y.S. Rajasekhara Reddy ACA-VDCA Cricket Stadium,Sunrisers Hyderabad,Rajasthan Royals,Rajasthan Royals,wickets,6.0,Rajasthan Royals,field,AM Rahane
829729,2015,2015-04-17,Wankhede Stadium,Mumbai Indians,Chennai Super Kings,Chennai Super Kings,wickets,6.0,Mumbai Indians,bat,A Nehra
829731,2015,2015-04-18,Dr. Y.S. Rajasekhara Reddy ACA-VDCA Cricket Stadium,Sunrisers Hyderabad,Delhi Daredevils,Delhi Daredevils,runs,4.0,Delhi Daredevils,bat,JP Duminy
829733,2015,2015-04-18,Maharashtra Cricket Association Stadium,Kings XI Punjab,Kolkata Knight Riders,Kolkata Knight Riders,wickets,4.0,Kolkata Knight Riders,field,AD Russell
829735,2015,2015-04-19,"Sardar Patel Stadium, Motera",Rajasthan Royals,Chennai Super Kings,Rajasthan Royals,wickets,8.0,Chennai Super Kings,bat,AM Rahane
829737,2015,2015-04-19,M Chinnaswamy Stadium,Royal Challengers Bangalore,Mumbai Indians,Mumbai Indians,runs,18.0,Royal Challengers Bangalore,field,Harbhajan Singh
829739,2015,2015-04-20,Feroz Shah Kotla,Delhi Daredevils,Kolkata Knight Riders,Kolkata Knight Riders,wickets,6.0,Kolkata Knight Riders,field,UT Yadav
829741,2015,2015-04-21,"Sardar Patel Stadium, Motera",Rajasthan Royals,Kings XI Punjab,,,,Kings XI Punjab,field,SE Marsh
829743,2015,2015-04-22,Dr. Y.S. Rajasekhara Reddy ACA-VDCA Cricket Stadium,Sunrisers Hyderabad,Kolkata Knight Riders,Sunrisers Hyderabad,runs,16.0,Kolkata Knight Riders,field,DA Warner
829745,2015,2015-04-22,M Chinnaswamy Stadium,Royal Challengers Bangalore,Chennai Super Kings,Chennai Super Kings,runs,27.0,Royal Challengers Bangalore,field,SK Raina
829747,2015,2015-04-23,Feroz Shah Kotla,Delhi Daredevils,Mumbai Indians,Delhi Daredevils,runs,37.0,Mumbai Indians,field,SS Iyer
829749,2015,2015-04-24,"Sardar Patel Stadium, Motera",Rajasthan Royals,Royal Challengers Bangalore,Royal Challengers Bangalore,wickets,9.0,Royal Challengers Bangalore,field,MA Starc
829751,2015,2015-04-25,Wankhede Stadium,Mumbai Indians,Sunrisers Hyderabad,Mumbai Indians,runs,20.0,Mumbai Indians,bat,SL Malinga
829753,2015,2015-04-25,"MA Chidambaram Stadium, Chepauk",Chennai Super Kings,Kings XI Punjab,Chennai Super Kings,runs,97.0,Chennai Super Kings,bat,BB McCullum
829757,2015,2015-04-26,Feroz Shah Kotla,Delhi Daredevils,Royal Challengers Bangalore,Royal Challengers Bangalore,wickets,10.0,Royal Challengers Bangalore,field,VR Aaron
829759,2015,2015-04-27,"Punjab Cricket Association Stadium, Mohali",Kings XI Punjab,Sunrisers Hyderabad,Sunrisers Hyderabad,runs,20.0,Kings XI Punjab,field,TA Boult
829761,2015,2015-05-07,Eden Gardens,Kolkata Knight Riders,Delhi Daredevils,Kolkata Knight Riders,runs,13.0,Kolkata Knight Riders,bat,PP Chawla
829763,2015,2015-04-29,M Chinnaswamy Stadium,Royal Challengers Bangalore,Rajasthan Royals,,,,Rajasthan Royals,field,
829765,2015,2015-04-28,"MA Chidambaram Stadium, Chepauk",Chennai Super Kings,Kolkata Knight Riders,Chennai Super Kings,runs,2.0,Kolkata Knight Riders,field,DJ Bravo
829767,2015,2015-05-01,Feroz Shah Kotla,Delhi Daredevils,Kings XI Punjab,Delhi Daredevils,wickets,9.0,Delhi Daredevils,field,NM Coulter-Nile
829769,2015,2015-05-01,Wankhede Stadium,Mumbai Indians,Rajasthan Royals,Mumbai Indians,runs,8.0,Rajasthan Royals,field,AT Rayudu
829771,2015,2015-05-02,M Chinnaswamy Stadium,Royal Challengers Bangalore,Kolkata Knight Riders,Royal Challengers Bangalore,wickets,7.0,Royal Challengers Bangalore,field,Mandeep Singh
829773,2015,2015-05-02,"Rajiv Gandhi International Stadium, Uppal",Sunrisers Hyderabad,Chennai Super Kings,Sunrisers Hyderabad,runs,22.0,Chennai Super Kings,field,DA Warner
829775,2015,2015-05-03,"Punjab Cricket Association Stadium, Mohali",Kings XI Punjab,Mumbai Indians,Mumbai Indians,runs,23.0,Mumbai Indians,bat,LMP Simmons
829777,2015,2015-05-03,Brabourne Stadium,Rajasthan Royals,Delhi Daredevils,Rajasthan Royals,runs,14.0,Delhi Daredevils,field,AM Rahane
829779,2015,2015-05-04,"MA Chidambaram Stadium, Chepauk",Chennai Super Kings,Royal Challengers Bangalore,Chennai Super Kings,runs,24.0,Chennai Super Kings,bat,SK Raina
829781,2015,2015-05-04,Eden Gardens,Kolkata Knight Riders,Sunrisers Hyderabad,Kolkata Knight Riders,runs,35.0,Sunrisers Hyderabad,field,UT Yadav
829783,2015,2015-05-05,Wankhede Stadium,Mumbai Indians,Delhi Daredevils,Mumbai Indians,wickets,5.0,Delhi Daredevils,bat,Harbhajan Singh
829785,2015,2015-05-06,M Chinnaswamy Stadium,Royal Challengers Bangalore,Kings XI Punjab,Royal Challengers Bangalore,runs,138.0,Kings XI Punjab,field,CH Gayle
829787,2015,2015-05-07,Brabourne Stadium,Rajasthan Royals,Sunrisers Hyderabad,Sunrisers Hyderabad,runs,7.0,Rajasthan Royals,field,EJG Morgan
829789,2015,2015-05-08,"MA Chidambaram Stadium, Chepauk",Chennai Super Kings,Mumbai Indians,Mumbai Indians,wickets,6.0,Chennai Super Kings,bat,HH Pandya
829791,2015,2015-05-09,Eden Gardens,Kolkata Knight Riders,Kings XI Punjab,Kolkata Knight Riders,wickets,1.0,Kings XI Punjab,bat,AD Russell
829793,2015,2015-05-09,Shaheed Veer Narayan Singh International Stadium,Delhi Daredevils,Sunrisers Hyderabad,Sunrisers Hyderabad,runs,6.0,Sunrisers Hyderabad,bat,MC Henriques
829795,2015,2015-05-10,Wankhede Stadium,Mumbai Indians,Royal Challengers Bangalore,Royal Challengers Bangalore,runs,39.0,Royal Challengers Bangalore,bat,AB de Villiers
829797,2015,2015-05-10,"MA Chidambaram Stadium, Chepauk",Chennai Super Kings,Rajasthan Royals,Chennai Super Kings,runs,12.0,Chennai Super Kings,bat,RA Jadeja
829799,2015,2015-05-11,"Rajiv Gandhi International Stadium, Uppal",Sunrisers Hyderabad,Kings XI Punjab,Sunrisers Hyderabad,runs,5.0,Sunrisers Hyderabad,bat,DA Warner
829801,2015,2015-05-12,Shaheed Veer Narayan Singh International Stadium,Delhi Daredevils,Chennai Super Kings,Delhi Daredevils,wickets,6.0,Chennai Super Kings,bat,Z Khan
829803,2015,2015-05-13,"Punjab Cricket Association Stadium, Mohali",Kings XI Punjab,Royal Challengers Bangalore,Kings XI Punjab,runs,22.0,Royal Challengers Bangalore,field,AR Patel
829805,2015,2015-05-14,Wankhede Stadium,Mumbai Indians,Kolkata Knight Riders,Mumbai Indians,runs,5.0,Kolkata Knight Riders,field,HH Pandya
829807,2015,2015-05-15,"Rajiv Gandhi International Stadium, Uppal",Sunrisers Hyderabad,Royal Challengers Bangalore,Royal Challengers Bangalore,wickets,6.0,Sunrisers Hyderabad,bat,V Kohli
829809,2015,2015-05-16,"Punjab Cricket Association Stadium, Mohali",Kings XI Punjab,Chennai Super Kings,Chennai Super Kings,wickets,7.0,Kings XI Punjab,bat,P Negi
829811,2015,2015-05-16,Brabourne Stadium,Rajasthan Royals,Kolkata Knight Riders,Rajasthan Royals,runs,9.0,Rajasthan Royals,bat,SR Watson
829813,2015,2015-05-17,M Chinnaswamy Stadium,Royal Challengers Bangalore,Delhi Daredevils,,,,Royal Challengers Bangalore,field,
829815,2015,2015-05-17,"Rajiv Gandhi International Stadium, Uppal",Sunrisers Hyderabad,Mumbai Indians,Mumbai Indians,wickets,9.0,Sunrisers Hyderabad,bat,MJ McClenaghan
829817,2015,2015-05-19,Wankhede Stadium,Chennai Super Kings,Mumbai Indians,Mumbai Indians,runs,25.0,Mumbai Indians,bat,KA Pollard
829819,2015,2015-05-20,Maharashtra Cricket Association Stadium,Royal Challengers Bangalore,Rajasthan Royals,Royal Challengers Bangalore,runs,71.0,Royal Challengers Bangalore,bat,AB de Villiers
829821,2015,2015-05-22,JSCA International Stadium Complex,Chennai Super Kings,Royal Challengers Bangalore,Chennai Super Kings,wickets,3.0,Chennai Super Kings,field,A Nehra
829823,2015,2015-05-24,Eden Gardens,Mumbai Indians,Chennai Super Kings,Mumbai Indians,runs,41.0,Chennai Super Kings,field,RG Sharma
980901,2016,2016-04-09,Wankhede Stadium,Mumbai Indians,Rising Pune Supergiants,Rising Pune Supergiants,wickets,9.0,Mumbai Indians,bat,AM Rahane
980903,2016,2016-04-10,Eden Gardens,Kolkata Knight Riders,Delhi Daredevils,Kolkata Knight Riders,wickets,9.0,Kolkata Knight Riders,field,AD Russell
980905,2016,2016-04-11,"Punjab Cricket Association IS Bindra Stadium, Mohali",Kings XI Punjab,Gujarat Lions,Gujarat Lions,wickets,5.0,Gujarat Lions,field,AJ Finch
980907,2016,2016-04-12,M Chinnaswamy Stadium,Royal Challengers Bangalore,Sunrisers Hyderabad,Royal Challengers Bangalore,runs,45.0,Sunrisers Hyderabad,field,AB de Villiers
980909,2016,2016-04-13,Eden Gardens,Kolkata Knight Riders,Mumbai Indians,Mumbai Indians,wickets,6.0,Mumbai Indians,field,RG Sharma
980911,2016,2016-04-14,Saurashtra Cricket Association Stadium,Gujarat Lions,Rising Pune Supergiants,Gujarat Lions,wickets,7.0,Rising Pune Supergiants,bat,AJ Finch
980913,2016,2016-04-15,Feroz Shah Kotla,Delhi Daredevils,Kings XI Punjab,Delhi Daredevils,wickets,8.0,Delhi Daredevils,field,A Mishra
980915,2016,2016-04-16,"Rajiv Gandhi International Stadium, Uppal",Sunrisers Hyderabad,Kolkata Knight Riders,Kolkata Knight Riders,wickets,8.0,Sunrisers Hyderabad,bat,G Gambhir
980917,2016,2016-04-16,Wankhede Stadium,Mumbai Indians,Gujarat Lions,Gujarat Lions,wickets,3.0,Gujarat Lions,field,AJ Finch
980919,2016,2016-04-17,"Punjab Cricket Association IS Bindra Stadium, Mohali",Kings XI Punjab,Rising Pune Supergiants,Kings XI Punjab,wickets,6.0,Rising Pune Supergiants,bat,M Vohra
980921,2016,2016-04-17,M Chinnaswamy Stadium,Royal Challengers Bangalore,Delhi Daredevils,Delhi Daredevils,wickets,7.0,Delhi Daredevils,field,Q de Kock
980923,2016,2016-04-18,"Rajiv Gandhi International Stadium, Uppal",Sunrisers Hyderabad,Mumbai Indians,Sunrisers Hyderabad,wickets,7.0,Sunrisers Hyderabad,field,DA Warner
980925,2016,2016-04-19,"Punjab Cricket Association IS Bindra Stadium, Mohali",Kings XI Punjab,Kolkata Knight Riders,Kolkata Knight Riders,wickets,6.0,Kolkata Knight Riders,field,RV Uthappa
980927,2016,2016-04-20,Wankhede Stadium,Mumbai Indians,Royal Challengers Bangalore,Mumbai Indians,wickets,6.0,Mumbai Indians,field,RG Sharma
980929,2016,2016-04-21,Saurashtra Cricket Association Stadium,Gujarat Lions,Sunrisers Hyderabad,Sunrisers Hyderabad,wickets,10.0,Sunrisers Hyderabad,field,B Kumar
980931,2016,2016-04-22,Maharashtra Cricket Association Stadium,Rising Pune Supergiants,Royal Challengers Bangalore,Royal Challengers Bangalore,runs,13.0,Rising Pune Supergiants,field,AB de Villiers
980933,2016,2016-04-23,Feroz Shah Kotla,Delhi Daredevils,Mumbai Indians,Delhi Daredevils,runs,10.0,Mumbai Indians,field,SV Samson
980935,2016,2016-04-23,"Rajiv Gandhi International Stadium, Uppal",Sunrisers Hyderabad,Kings XI Punjab,Sunrisers Hyderabad,wickets,5.0,Sunrisers Hyderabad,field,Mustafizur Rahman
980937,2016,2016-04-24,Saurashtra Cricket Association Stadium,Gujarat Lions,Royal Challengers Bangalore,Gujarat Lions,wickets,6.0,Royal Challengers Bangalore,bat,V Kohli
980939,2016,2016-04-24,Maharashtra Cricket Association Stadium,Rising Pune Supergiants,Kolkata Knight Riders,Kolkata Knight Riders,wickets,2.0,Kolkata Knight Riders,field,SA Yadav
980941,2016,2016-04-25,"Punjab Cricket Association IS Bindra Stadium, Mohali",Kings XI Punjab,Mumbai Indians,Mumbai Indians,runs,25.0,Kings XI Punjab,field,PA Patel
980943,2016,2016-04-26,"Rajiv Gandhi International Stadium, Uppal",Sunrisers Hyderabad,Rising Pune Supergiants,Rising Pune Supergiants,runs,34.0,Rising Pune Supergiants,field,AB Dinda
980945,2016,2016-04-27,Feroz Shah Kotla,Delhi Daredevils,Gujarat Lions,Gujarat Lions,runs,1.0,Delhi Daredevils,field,CH Morris
980947,2016,2016-04-28,Wankhede Stadium,Mumbai Indians,Kolkata Knight Riders,Mumbai Indians,wickets,6.0,Mumbai Indians,field,RG Sharma
980949,2016,2016-04-29,Maharashtra Cricket Association Stadium,Rising Pune Supergiants,Gujarat Lions,Gujarat Lions,wickets,3.0,Gujarat Lions,field,DR Smith
980951,2016,2016-04-30,Feroz Shah Kotla,Delhi Daredevils,Kolkata Knight Riders,Delhi Daredevils,runs,27.0,Kolkata Knight Riders,field,CR Brathwaite
980953,2016,2016-04-30,"Rajiv Gandhi International Stadium, Uppal",Sunrisers Hyderabad,Royal Challengers Bangalore,Sunrisers Hyderabad,runs,15.0,Royal Challengers Bangalore,field,DA Warner
980955,2016,2016-05-01,Saurashtra Cricket Association Stadium,Gujarat Lions,Kings XI Punjab,Kings XI Punjab,runs,23.0,Gujarat Lions,field,AR Patel
980957,2016,2016-05-01,Maharashtra Cricket Association Stadium,Rising Pune Supergiants,Mumbai Indians,Mumbai Indians,wickets,8.0,Mumbai Indians,field,RG Sharma
980959,2016,2016-05-02,M Chinnaswamy Stadium,Royal Challengers Bangalore,Kolkata Knight Riders,Kolkata Knight Riders,wickets,5.0,Kolkata Knight Riders,field,AD Russell
980961,2016,2016-05-03,Saurashtra Cricket Association Stadium,Gujarat Lions,Delhi Daredevils,Delhi Daredevils,wickets,8.0,Delhi Daredevils,field,RR Pant
980963,2016,2016-05-04,Eden Gardens,Kolkata Knight Riders,Kings XI Punjab,Kolkata Knight Riders,runs,7.0,Kings XI Punjab,field,AD Russell
980965,2016,2016-05-05,Feroz Shah Kotla,Delhi Daredevils,Rising Pune Supergiants,Rising Pune Supergiants,wickets,7.0,Rising Pune Supergiants,field,AM Rahane
980967,2016,2016-05-06,"Rajiv Gandhi International Stadium, Uppal",Sunrisers Hyderabad,Gujarat Lions,Sunrisers Hyderabad,wickets,5.0,Sunrisers Hyderabad,field,B Kumar
980969,2016,2016-05-07,M Chinnaswamy Stadium,Royal Challengers Bangalore,Rising Pune Supergiants,Royal Challengers Bangalore,wickets,7.0,Royal Challengers Bangalore,field,V Kohli
980971,2016,2016-05-07,"Punjab Cricket Association IS Bindra Stadium, Mohali",Kings XI Punjab,Delhi Daredevils,Kings XI Punjab,runs,9.0,Delhi Daredevils,field,MP Stoinis
980973,2016,2016-05-08,Dr. Y.S. Rajasekhara Reddy ACA-VDCA Cricket Stadium,Mumbai Indians,Sunrisers Hyderabad,Sunrisers Hyderabad,runs,85.0,Mumbai Indians,field,A Nehra
980975,2016,2016-05-08,Eden Gardens,Kolkata Knight Riders,Gujarat Lions,Gujarat Lions,wickets,5.0,Gujarat Lions,field,P Kumar
980977,2016,2016-05-09,"Punjab Cricket Association IS Bindra Stadium, Mohali",Kings XI Punjab,Royal Challengers Bangalore,Royal Challengers Bangalore,runs,1.0,Kings XI Punjab,field,SR Watson
980979,2016,2016-05-10,Dr. Y.S. Rajasekhara Reddy ACA-VDCA Cricket Stadium,Rising Pune Supergiants,Sunrisers Hyderabad,Sunrisers Hyderabad,runs,4.0,Sunrisers Hyderabad,bat,A Zampa
980981,2016,2016-05-11,M Chinnaswamy Stadium,Royal Challengers Bangalore,Mumbai Indians,Mumbai Indians,wickets,6.0,Mumbai Indians,field,KH Pandya
980983,2016,2016-05-12,"Rajiv Gandhi International Stadium, Uppal",Sunrisers Hyderabad,Delhi Daredevils,Delhi Daredevils,wickets,7.0,Delhi Daredevils,field,CH Morris
980985,2016,2016-05-13,Dr. Y.S. Rajasekhara Reddy ACA-VDCA Cricket Stadium,Mumbai Indians,Kings XI Punjab,Kings XI Punjab,wickets,7.0,Mumbai Indians,bat,MP Stoinis
980987,2016,2016-05-14,M Chinnaswamy Stadium,Royal Challengers Bangalore,Gujarat Lions,Royal Challengers Bangalore,runs,144.0,Gujarat Lions,field,AB de Villiers
980989,2016,2016-05-14,Eden Gardens,Kolkata Knight Riders,Rising Pune Supergiants,Kolkata Knight Riders,wickets,8.0,Rising Pune Supergiants,bat,YK Pathan
980991,2016,2016-05-15,"Punjab Cricket Association IS Bindra Stadium, Mohali",Kings XI Punjab,Sunrisers Hyderabad,Sunrisers Hyderabad,wickets,7.0,Kings XI Punjab,bat,HM Amla
980993,2016,2016-05-15,Dr. Y.S. Rajasekhara Reddy ACA-VDCA Cricket Stadium,Mumbai Indians,Delhi Daredevils,Mumbai Indians,runs,80.0,Delhi Daredevils,field,KH Pandya
980995,2016,2016-05-16,Eden Gardens,Kolkata Knight Riders,Royal Challengers Bangalore,Royal Challengers Bangalore,wickets,9.0,Royal Challengers Bangalore,field,V Kohli
980997,2016,2016-05-17,Dr. Y.S. Rajasekhara Reddy ACA-VDCA Cricket Stadium,Rising Pune Supergiants,Delhi Daredevils,Rising Pune Supergiants,runs,19.0,Rising Pune Supergiants,field,AB Dinda
980999,2016,2016-05-18,M Chinnaswamy Stadium,Royal Challengers Bangalore,Kings XI Punjab,Royal Challengers Bangalore,runs,82.0,Kings XI Punjab,field,V Kohli
981001,2016,2016-05-19,Green Park,Gujarat Lions,Kolkata Knight Riders,Gujarat Lions,wickets,6.0,Gujarat Lions,field,DR Smith
981003,2016,2016-05-20,Shaheed Veer Narayan Singh International Stadium,Delhi Daredevils,Sunrisers Hyderabad,Delhi Daredevils,wickets,6.0,Delhi Daredevils,field,KK Nair
981005,2016,2016-05-21,Dr. Y.S. Rajasekhara Reddy ACA-VDCA Cricket Stadium,Rising Pune Supergiants,Kings XI Punjab,Rising Pune Supergiants,wickets,4.0,Kings XI Punjab,bat,MS Dhoni
981007,2016,2016-05-21,Green Park,Gujarat Lions,Mumbai Indians,Gujarat Lions,wickets,6.0,Gujarat Lions,field,SK Raina
981009,2016,2016-05-22,Eden Gardens,Kolkata Knight Riders,Sunrisers Hyderabad,Kolkata Knight Riders,runs,22.0,Sunrisers Hyderabad,field,YK Pathan
981011,2016,2016-05-22,Shaheed Veer Narayan Singh International Stadium,Delhi Daredevils,Royal Challengers Bangalore,Royal Challengers Bangalore,wickets,6.0,Royal Challengers Bangalore,field,V Kohli
981013,2016,2016-05-24,M Chinnaswamy Stadium,Gujarat Lions,Royal Challengers Bangalore,Royal Challengers Bangalore,wickets,4.0,Royal Challengers Bangalore,field,AB de Villiers
981015,2016,2016-05-25,Feroz Shah Kotla,Sunrisers Hyderabad,Kolkata Knight Riders,Sunrisers Hyderabad,runs,22.0,Kolkata Knight Riders,field,MC Henriques
981017,2016,2016-05-27,Feroz Shah Kotla,Gujarat Lions,Sunrisers Hyderabad,Sunrisers Hyderabad,wickets,4.0,Sunrisers Hyderabad,field,DA Warner
981019,2016,2016-05-29,M Chinnaswamy Stadium,Royal Challengers Bangalore,Sunrisers Hyderabad,Sunrisers Hyderabad,runs,8.0,Sunrisers Hyderabad,bat,BCJ Cutting
